cshapes_cntry_name,year,sum
Afghanistan,1977,1
Afghanistan,1978,1
Afghanistan,1979,1
Afghanistan,1980,1
Afghanistan,1981,1
Afghanistan,1982,1
Afghanistan,1983,1
Afghanistan,1984,1
Afghanistan,1985,1
Afghanistan,1986,1
Afghanistan,1987,1
Afghanistan,1988,1
Afghanistan,1989,1
Afghanistan,1990,1
Afghanistan,1991,1
Afghanistan,1992,1
Afghanistan,1993,1
Afghanistan,1994,1
Afghanistan,1995,1
Afghanistan,1996,1
Afghanistan,1997,1
Afghanistan,1998,1
Afghanistan,1999,1
Afghanistan,2000,1
Afghanistan,2001,1
Afghanistan,2002,1
Afghanistan,2003,1
Afghanistan,2004,1
Afghanistan,2005,1
Afghanistan,2006,2
Afghanistan,2007,2
Afghanistan,2008,2
Afghanistan,2009,2
Afghanistan,2010,2
Afghanistan,2011,2
Afghanistan,2012,3
Afghanistan,2013,3
Albania,1992,2
Albania,1993,2
Albania,1994,2
Albania,1995,2
Albania,1996,3
Albania,1997,3
Albania,1998,3
Albania,1999,4
Albania,2000,4
Albania,2001,4
Albania,2002,4
Albania,2003,4
Albania,2004,4
Albania,2005,4
Albania,2006,5
Albania,2007,5
Albania,2008,5
Albania,2009,5
Albania,2010,5
Albania,2011,5
Albania,2012,5
Albania,2013,5
Algeria,1988,1
Algeria,1989,1
Algeria,1990,1
Algeria,1991,1
Algeria,1992,1
Algeria,1993,1
Algeria,1994,1
Algeria,1995,1
Algeria,1996,1
Algeria,1997,1
Algeria,1998,1
Algeria,1999,1
Algeria,2000,1
Algeria,2001,1
Algeria,2002,1
Algeria,2003,1
Algeria,2004,1
Algeria,2005,1
Algeria,2006,1
Algeria,2007,1
Algeria,2008,1
Algeria,2009,1
Algeria,2010,1
Algeria,2011,1
Algeria,2012,1
Algeria,2013,1
Argentina,1967,1
Argentina,1968,4
Argentina,1969,5
Argentina,1970,6
Argentina,1971,7
Argentina,1972,8
Argentina,1973,10
Argentina,1974,11
Argentina,1975,13
Argentina,1976,14
Argentina,1977,15
Argentina,1978,17
Argentina,1979,18
Argentina,1980,19
Argentina,1981,20
Argentina,1982,21
Argentina,1983,22
Argentina,1984,23
Argentina,1985,24
Argentina,1986,24
Argentina,1987,26
Argentina,1988,27
Argentina,1989,27
Argentina,1990,28
Argentina,1991,28
Argentina,1992,29
Argentina,1993,30
Argentina,1994,31
Argentina,1995,33
Argentina,1996,35
Argentina,1997,36
Argentina,1998,36
Argentina,1999,36
Argentina,2000,37
Argentina,2001,38
Argentina,2002,39
Argentina,2003,40
Argentina,2004,41
Argentina,2005,41
Argentina,2006,41
Argentina,2007,42
Argentina,2008,43
Argentina,2009,43
Argentina,2010,45
Argentina,2011,46
Argentina,2012,47
Argentina,2013,47
Armenia,1991,1
Armenia,1992,1
Armenia,1993,1
Armenia,1994,1
Armenia,1995,1
Armenia,1996,1
Armenia,1997,1
Armenia,1998,1
Armenia,1999,1
Armenia,2000,1
Armenia,2001,1
Armenia,2002,1
Armenia,2003,1
Armenia,2004,1
Armenia,2005,1
Armenia,2006,1
Armenia,2007,1
Armenia,2008,1
Armenia,2009,2
Armenia,2010,2
Armenia,2011,2
Armenia,2012,2
Armenia,2013,2
Australia,1994,2
Australia,1995,3
Australia,1996,4
Australia,1997,4
Australia,1998,4
Australia,1999,4
Australia,2000,4
Australia,2001,4
Australia,2002,4
Australia,2003,4
Australia,2004,4
Australia,2005,6
Australia,2006,6
Australia,2007,6
Australia,2008,6
Australia,2009,7
Australia,2010,7
Australia,2011,8
Australia,2012,8
Australia,2013,8
Austria,1994,1
Austria,1995,1
Austria,1996,1
Austria,1997,1
Austria,1998,1
Austria,1999,1
Austria,2000,1
Austria,2001,1
Austria,2002,1
Austria,2003,1
Austria,2004,2
Austria,2005,3
Austria,2006,3
Austria,2007,3
Austria,2008,4
Austria,2009,5
Austria,2010,5
Austria,2011,5
Austria,2012,5
Austria,2013,5
Bahrain,2013,1
Bangladesh,1976,1
Bangladesh,1977,1
Bangladesh,1978,1
Bangladesh,1979,1
Bangladesh,1980,1
Bangladesh,1981,1
Bangladesh,1982,1
Bangladesh,1983,1
Bangladesh,1984,1
Bangladesh,1985,1
Bangladesh,1986,1
Bangladesh,1987,1
Bangladesh,1988,1
Bangladesh,1989,1
Bangladesh,1990,2
Bangladesh,1991,3
Bangladesh,1992,3
Bangladesh,1993,4
Bangladesh,1994,4
Bangladesh,1995,4
Bangladesh,1996,4
Bangladesh,1997,4
Bangladesh,1998,4
Bangladesh,1999,4
Bangladesh,2000,4
Bangladesh,2001,4
Bangladesh,2002,4
Bangladesh,2003,4
Bangladesh,2004,4
Bangladesh,2005,4
Bangladesh,2006,5
Bangladesh,2007,5
Bangladesh,2008,6
Bangladesh,2009,6
Bangladesh,2010,7
Bangladesh,2011,7
Bangladesh,2012,7
Bangladesh,2013,7
Barbados,1974,1
Barbados,1975,1
Barbados,1976,1
Barbados,1977,1
Barbados,1978,1
Barbados,1979,1
Barbados,1980,1
Barbados,1981,1
Barbados,1982,1
Barbados,1983,1
Barbados,1984,1
Barbados,1985,1
Barbados,1986,1
Barbados,1987,1
Barbados,1988,1
Barbados,1989,1
Barbados,1990,1
Barbados,1991,1
Barbados,1992,1
Barbados,1993,1
Barbados,1994,1
Barbados,1995,1
Barbados,1996,1
Barbados,1997,1
Barbados,1998,1
Barbados,1999,1
Barbados,2000,1
Barbados,2001,1
Barbados,2002,1
Barbados,2003,1
Barbados,2004,1
Barbados,2005,1
Barbados,2006,1
Barbados,2007,1
Barbados,2008,1
Barbados,2009,1
Barbados,2010,1
Barbados,2011,1
Barbados,2012,1
Barbados,2013,1
Belarus,2010,1
Belarus,2011,1
Belarus,2012,2
Belarus,2013,2
Belgium,1968,1
Belgium,1969,1
Belgium,1970,1
Belgium,1971,1
Belgium,1972,1
Belgium,1973,1
Belgium,1974,1
Belgium,1975,1
Belgium,1976,1
Belgium,1977,1
Belgium,1978,1
Belgium,1979,1
Belgium,1980,2
Belgium,1981,2
Belgium,1982,3
Belgium,1983,3
Belgium,1984,4
Belgium,1985,4
Belgium,1986,4
Belgium,1987,4
Belgium,1988,4
Belgium,1989,4
Belgium,1990,4
Belgium,1991,4
Belgium,1992,4
Belgium,1993,4
Belgium,1994,4
Belgium,1995,4
Belgium,1996,4
Belgium,1997,4
Belgium,1998,4
Belgium,1999,4
Belgium,2000,4
Belgium,2001,4
Belgium,2002,4
Belgium,2003,4
Belgium,2004,4
Belgium,2005,5
Belgium,2006,5
Belgium,2007,5
Belgium,2008,5
Belgium,2009,5
Belgium,2010,5
Belgium,2011,5
Belgium,2012,5
Belgium,2013,5
Benin,1995,1
Benin,1996,1
Benin,1997,1
Benin,1998,1
Benin,1999,1
Benin,2000,1
Benin,2001,1
Benin,2002,1
Benin,2003,1
Benin,2004,1
Benin,2005,1
Benin,2006,1
Benin,2007,1
Benin,2008,1
Benin,2009,1
Benin,2010,1
Benin,2011,1
Benin,2012,1
Benin,2013,1
Bolivia,1985,1
Bolivia,1986,1
Bolivia,1987,1
Bolivia,1988,1
Bolivia,1989,1
Bolivia,1990,1
Bolivia,1991,1
Bolivia,1992,1
Bolivia,1993,1
Bolivia,1994,1
Bolivia,1995,2
Bolivia,1996,3
Bolivia,1997,4
Bolivia,1998,4
Bolivia,1999,4
Bolivia,2000,4
Bolivia,2001,4
Bolivia,2002,4
Bolivia,2003,4
Bolivia,2004,5
Bolivia,2005,5
Bolivia,2006,5
Bolivia,2007,5
Bolivia,2008,5
Bolivia,2009,5
Bolivia,2010,5
Bolivia,2011,5
Bolivia,2012,5
Bolivia,2013,5
Bosnia and Herzegovina,2001,1
Bosnia and Herzegovina,2002,2
Bosnia and Herzegovina,2003,3
Bosnia and Herzegovina,2004,3
Bosnia and Herzegovina,2005,3
Bosnia and Herzegovina,2006,3
Bosnia and Herzegovina,2007,3
Bosnia and Herzegovina,2008,3
Bosnia and Herzegovina,2009,3
Bosnia and Herzegovina,2010,3
Bosnia and Herzegovina,2011,3
Bosnia and Herzegovina,2012,3
Bosnia and Herzegovina,2013,3
Botswana,1977,1
Botswana,1978,2
Botswana,1979,2
Botswana,1980,2
Botswana,1981,2
Botswana,1982,2
Botswana,1983,2
Botswana,1984,2
Botswana,1985,2
Botswana,1986,2
Botswana,1987,2
Botswana,1988,2
Botswana,1989,2
Botswana,1990,2
Botswana,1991,2
Botswana,1992,2
Botswana,1993,2
Botswana,1994,3
Botswana,1995,3
Botswana,1996,3
Botswana,1997,3
Botswana,1998,3
Botswana,1999,3
Botswana,2000,3
Botswana,2001,3
Botswana,2002,3
Botswana,2003,4
Botswana,2004,4
Botswana,2005,4
Botswana,2006,4
Botswana,2007,4
Botswana,2008,4
Botswana,2009,4
Botswana,2010,4
Botswana,2011,4
Botswana,2012,5
Botswana,2013,5
Brazil,1968,2
Brazil,1969,4
Brazil,1970,5
Brazil,1971,6
Brazil,1972,7
Brazil,1973,9
Brazil,1974,10
Brazil,1975,11
Brazil,1976,11
Brazil,1977,11
Brazil,1978,12
Brazil,1979,13
Brazil,1980,14
Brazil,1981,14
Brazil,1982,15
Brazil,1983,16
Brazil,1984,16
Brazil,1985,17
Brazil,1986,18
Brazil,1987,19
Brazil,1988,20
Brazil,1989,20
Brazil,1990,21
Brazil,1991,21
Brazil,1992,21
Brazil,1993,21
Brazil,1994,21
Brazil,1995,22
Brazil,1996,23
Brazil,1997,23
Brazil,1998,23
Brazil,1999,23
Brazil,2000,23
Brazil,2001,23
Brazil,2002,24
Brazil,2003,24
Brazil,2004,24
Brazil,2005,24
Brazil,2006,24
Brazil,2007,24
Brazil,2008,24
Brazil,2009,24
Brazil,2010,25
Brazil,2011,25
Brazil,2012,26
Brazil,2013,26
Bulgaria,1975,1
Bulgaria,1976,1
Bulgaria,1977,1
Bulgaria,1978,2
Bulgaria,1979,3
Bulgaria,1980,4
Bulgaria,1981,4
Bulgaria,1982,5
Bulgaria,1983,6
Bulgaria,1984,7
Bulgaria,1985,7
Bulgaria,1986,7
Bulgaria,1987,7
Bulgaria,1988,8
Bulgaria,1989,8
Bulgaria,1990,8
Bulgaria,1991,8
Bulgaria,1992,8
Bulgaria,1993,8
Bulgaria,1994,8
Bulgaria,1995,8
Bulgaria,1996,8
Bulgaria,1997,8
Bulgaria,1998,8
Bulgaria,1999,8
Bulgaria,2000,8
Bulgaria,2001,9
Bulgaria,2002,10
Bulgaria,2003,10
Bulgaria,2004,10
Bulgaria,2005,10
Bulgaria,2006,10
Bulgaria,2007,11
Bulgaria,2008,11
Bulgaria,2009,11
Bulgaria,2010,11
Bulgaria,2011,11
Bulgaria,2012,11
Bulgaria,2013,11
Burundi,2013,1
Cambodia,1967,1
Cambodia,1968,1
Cambodia,1969,1
Cambodia,1970,1
Cambodia,1971,1
Cambodia,1972,1
Cambodia,1973,1
Cambodia,1974,1
Cambodia,1975,1
Cambodia,1976,1
Cambodia,1977,1
Cambodia,1978,1
Cambodia,1979,1
Cambodia,1980,1
Cambodia,1981,1
Cambodia,1982,1
Cambodia,1983,1
Cambodia,1984,1
Cambodia,1985,1
Cambodia,1986,1
Cambodia,1987,1
Cambodia,1988,1
Cambodia,1989,1
Cambodia,1990,1
Cambodia,1991,1
Cambodia,1992,2
Cambodia,1993,2
Cambodia,1994,2
Cambodia,1995,2
Cambodia,1996,2
Cambodia,1997,2
Cambodia,1998,2
Cambodia,1999,2
Cambodia,2000,2
Cambodia,2001,2
Cambodia,2002,2
Cambodia,2003,2
Cambodia,2004,2
Cambodia,2005,2
Cambodia,2006,2
Cambodia,2007,2
Cambodia,2008,2
Cambodia,2009,2
Cambodia,2010,2
Cambodia,2011,2
Cambodia,2012,2
Cambodia,2013,2
Cameroon,1978,1
Cameroon,1979,1
Cameroon,1980,1
Cameroon,1981,1
Cameroon,1982,1
Cameroon,1983,1
Cameroon,1984,1
Cameroon,1985,1
Cameroon,1986,2
Cameroon,1987,3
Cameroon,1988,3
Cameroon,1989,3
Cameroon,1990,3
Cameroon,1991,3
Cameroon,1992,3
Cameroon,1993,3
Cameroon,1994,3
Cameroon,1995,3
Cameroon,1996,3
Cameroon,1997,3
Cameroon,1998,3
Cameroon,1999,3
Cameroon,2000,3
Cameroon,2001,3
Cameroon,2002,3
Cameroon,2003,3
Cameroon,2004,4
Cameroon,2005,4
Cameroon,2006,4
Cameroon,2007,4
Cameroon,2008,5
Cameroon,2009,5
Cameroon,2010,5
Cameroon,2011,5
Cameroon,2012,5
Cameroon,2013,5
Canada,1989,1
Canada,1990,1
Canada,1991,1
Canada,1992,1
Canada,1993,1
Canada,1994,1
Canada,1995,1
Canada,1996,1
Canada,1997,1
Canada,1998,1
Canada,1999,1
Canada,2000,1
Canada,2001,1
Canada,2002,1
Canada,2003,1
Canada,2004,1
Canada,2005,1
Canada,2006,1
Canada,2007,1
Canada,2008,2
Canada,2009,2
Canada,2010,2
Canada,2011,2
Canada,2012,2
Canada,2013,2
Chile,1968,2
Chile,1969,3
Chile,1970,4
Chile,1971,5
Chile,1972,5
Chile,1973,6
Chile,1974,7
Chile,1975,7
Chile,1976,7
Chile,1977,7
Chile,1978,7
Chile,1979,7
Chile,1980,7
Chile,1981,7
Chile,1982,7
Chile,1983,7
Chile,1984,7
Chile,1985,7
Chile,1986,7
Chile,1987,7
Chile,1988,7
Chile,1989,7
Chile,1990,7
Chile,1991,8
Chile,1992,8
Chile,1993,8
Chile,1994,9
Chile,1995,10
Chile,1996,11
Chile,1997,12
Chile,1998,12
Chile,1999,12
Chile,2000,12
Chile,2001,12
Chile,2002,13
Chile,2003,14
Chile,2004,15
Chile,2005,15
Chile,2006,15
Chile,2007,15
Chile,2008,15
Chile,2009,15
Chile,2010,15
Chile,2011,15
Chile,2012,16
Chile,2013,16
China,1967,1
China,1968,2
China,1969,2
China,1970,3
China,1971,3
China,1972,3
China,1973,4
China,1974,5
China,1975,5
China,1976,6
China,1977,7
China,1978,8
China,1979,11
China,1980,14
China,1981,16
China,1982,18
China,1983,22
China,1984,24
China,1985,26
China,1986,29
China,1987,32
China,1988,34
China,1989,34
China,1990,35
China,1991,35
China,1992,37
China,1993,38
China,1994,38
China,1995,38
China,1996,38
China,1997,38
China,1998,38
China,1999,38
China,2000,38
China,2001,39
China,2002,42
China,2003,44
China,2004,48
China,2005,51
China,2006,53
China,2007,54
China,2008,56
China,2009,61
China,2010,63
China,2011,65
China,2012,66
China,2013,69
Colombia,1968,1
Colombia,1969,1
Colombia,1970,2
Colombia,1971,2
Colombia,1972,2
Colombia,1973,2
Colombia,1974,3
Colombia,1975,3
Colombia,1976,4
Colombia,1977,4
Colombia,1978,4
Colombia,1979,6
Colombia,1980,6
Colombia,1981,6
Colombia,1982,7
Colombia,1983,7
Colombia,1984,8
Colombia,1985,9
Colombia,1986,9
Colombia,1987,10
Colombia,1988,11
Colombia,1989,11
Colombia,1990,11
Colombia,1991,11
Colombia,1992,11
Colombia,1993,12
Colombia,1994,12
Colombia,1995,13
Colombia,1996,13
Colombia,1997,13
Colombia,1998,13
Colombia,1999,13
Colombia,2000,13
Colombia,2001,13
Colombia,2002,14
Colombia,2003,14
Colombia,2004,14
Colombia,2005,15
Colombia,2006,15
Colombia,2007,15
Colombia,2008,15
Colombia,2009,15
Colombia,2010,15
Colombia,2011,16
Colombia,2012,16
Colombia,2013,16
Costa Rica,1969,1
Costa Rica,1970,1
Costa Rica,1971,1
Costa Rica,1972,1
Costa Rica,1973,1
Costa Rica,1974,1
Costa Rica,1975,2
Costa Rica,1976,2
Costa Rica,1977,2
Costa Rica,1978,2
Costa Rica,1979,2
Costa Rica,1980,2
Costa Rica,1981,2
Costa Rica,1982,2
Costa Rica,1983,2
Costa Rica,1984,2
Costa Rica,1985,3
Costa Rica,1986,3
Costa Rica,1987,4
Costa Rica,1988,4
Costa Rica,1989,4
Costa Rica,1990,4
Costa Rica,1991,4
Costa Rica,1992,4
Costa Rica,1993,4
Costa Rica,1994,4
Costa Rica,1995,4
Costa Rica,1996,4
Costa Rica,1997,4
Costa Rica,1998,4
Costa Rica,1999,4
Costa Rica,2000,4
Costa Rica,2001,4
Costa Rica,2002,4
Costa Rica,2003,4
Costa Rica,2004,4
Costa Rica,2005,5
Costa Rica,2006,5
Costa Rica,2007,5
Costa Rica,2008,5
Costa Rica,2009,5
Costa Rica,2010,5
Costa Rica,2011,5
Costa Rica,2012,5
Costa Rica,2013,5
Croatia,2009,1
Croatia,2010,1
Croatia,2011,1
Croatia,2012,1
Croatia,2013,1
Cuba,2001,1
Cuba,2002,1
Cuba,2003,1
Cuba,2004,1
Cuba,2005,1
Cuba,2006,1
Cuba,2007,1
Cuba,2008,2
Cuba,2009,2
Cuba,2010,2
Cuba,2011,2
Cuba,2012,2
Cuba,2013,2
Cyprus,2008,1
Cyprus,2009,1
Cyprus,2010,1
Cyprus,2011,1
Cyprus,2012,1
Cyprus,2013,1
Czech Republic,2007,1
Czech Republic,2008,1
Czech Republic,2009,1
Czech Republic,2010,1
Czech Republic,2011,2
Czech Republic,2012,2
Czech Republic,2013,2
Czechoslovakia,1970,1
Czechoslovakia,1971,1
Czechoslovakia,1972,1
Czechoslovakia,1973,1
Czechoslovakia,1974,1
Czechoslovakia,1975,1
Czechoslovakia,1976,1
Czechoslovakia,1977,1
Czechoslovakia,1978,1
Czechoslovakia,1979,1
Czechoslovakia,1980,1
Czechoslovakia,1981,1
Czechoslovakia,1982,2
Czechoslovakia,1983,2
Czechoslovakia,1984,2
Czechoslovakia,1985,2
Czechoslovakia,1986,3
Czechoslovakia,1987,4
Czechoslovakia,1988,5
Czechoslovakia,1989,5
Czechoslovakia,1990,6
Czechoslovakia,1991,7
Czechoslovakia,1992,7
Denmark,1977,1
Denmark,1978,1
Denmark,1979,1
Denmark,1980,1
Denmark,1981,1
Denmark,1982,1
Denmark,1983,1
Denmark,1984,1
Denmark,1985,1
Denmark,1986,1
Denmark,1987,1
Denmark,1988,1
Denmark,1989,1
Denmark,1990,1
Denmark,1991,1
Denmark,1992,1
Denmark,1993,1
Denmark,1994,1
Denmark,1995,1
Denmark,1996,1
Denmark,1997,1
Denmark,1998,1
Denmark,1999,1
Denmark,2000,1
Denmark,2001,1
Denmark,2002,1
Denmark,2003,1
Denmark,2004,1
Denmark,2005,1
Denmark,2006,2
Denmark,2007,2
Denmark,2008,2
Denmark,2009,2
Denmark,2010,2
Denmark,2011,2
Denmark,2012,2
Denmark,2013,2
Djibouti,2010,1
Djibouti,2011,1
Djibouti,2012,1
Djibouti,2013,1
Ecuador,1973,1
Ecuador,1974,1
Ecuador,1975,1
Ecuador,1976,1
Ecuador,1977,1
Ecuador,1978,1
Ecuador,1979,1
Ecuador,1980,1
Ecuador,1981,1
Ecuador,1982,1
Ecuador,1983,1
Ecuador,1984,1
Ecuador,1985,1
Ecuador,1986,1
Ecuador,1987,1
Ecuador,1988,1
Ecuador,1989,1
Ecuador,1990,1
Ecuador,1991,1
Ecuador,1992,1
Ecuador,1993,1
Ecuador,1994,1
Ecuador,1995,1
Ecuador,1996,1
Ecuador,1997,1
Ecuador,1998,1
Ecuador,1999,1
Ecuador,2000,1
Ecuador,2001,1
Ecuador,2002,1
Ecuador,2003,1
Ecuador,2004,1
Ecuador,2005,1
Ecuador,2006,1
Ecuador,2007,1
Ecuador,2008,1
Ecuador,2009,1
Ecuador,2010,1
Ecuador,2011,1
Ecuador,2012,1
Ecuador,2013,1
Egypt,1976,1
Egypt,1977,2
Egypt,1978,2
Egypt,1979,3
Egypt,1980,4
Egypt,1981,5
Egypt,1982,6
Egypt,1983,7
Egypt,1984,7
Egypt,1985,7
Egypt,1986,7
Egypt,1987,7
Egypt,1988,7
Egypt,1989,7
Egypt,1990,8
Egypt,1991,9
Egypt,1992,9
Egypt,1993,10
Egypt,1994,10
Egypt,1995,11
Egypt,1996,11
Egypt,1997,12
Egypt,1998,12
Egypt,1999,12
Egypt,2000,12
Egypt,2001,12
Egypt,2002,12
Egypt,2003,12
Egypt,2004,13
Egypt,2005,14
Egypt,2006,14
Egypt,2007,15
Egypt,2008,17
Egypt,2009,18
Egypt,2010,19
Egypt,2011,19
Egypt,2012,20
Egypt,2013,20
Estonia,1992,1
Estonia,1993,1
Estonia,1994,1
Estonia,1995,2
Estonia,1996,2
Estonia,1997,2
Estonia,1998,2
Estonia,1999,2
Estonia,2000,2
Estonia,2001,2
Estonia,2002,2
Estonia,2003,2
Estonia,2004,2
Estonia,2005,2
Estonia,2006,3
Estonia,2007,3
Estonia,2008,3
Estonia,2009,3
Estonia,2010,3
Estonia,2011,3
Estonia,2012,3
Estonia,2013,3
Ethiopia,1967,1
Ethiopia,1968,1
Ethiopia,1969,1
Ethiopia,1970,1
Ethiopia,1971,1
Ethiopia,1972,2
Ethiopia,1973,3
Ethiopia,1974,3
Ethiopia,1975,3
Ethiopia,1976,3
Ethiopia,1977,3
Ethiopia,1978,3
Ethiopia,1979,3
Ethiopia,1980,3
Ethiopia,1981,3
Ethiopia,1982,3
Ethiopia,1983,3
Ethiopia,1984,3
Ethiopia,1985,3
Ethiopia,1986,3
Ethiopia,1987,3
Ethiopia,1988,3
Ethiopia,1989,3
Ethiopia,1990,3
Ethiopia,1991,3
Ethiopia,1992,3
Ethiopia,1993,3
Ethiopia,1994,3
Ethiopia,1995,4
Ethiopia,1996,4
Ethiopia,1997,4
Ethiopia,1998,4
Ethiopia,1999,4
Ethiopia,2000,4
Ethiopia,2001,4
Ethiopia,2002,4
Ethiopia,2003,4
Ethiopia,2004,4
Ethiopia,2005,4
Ethiopia,2006,4
Ethiopia,2007,4
Ethiopia,2008,4
Ethiopia,2009,4
Ethiopia,2010,4
Ethiopia,2011,4
Ethiopia,2012,4
Ethiopia,2013,4
Fiji,1994,1
Fiji,1995,2
Fiji,1996,2
Fiji,1997,2
Fiji,1998,2
Fiji,1999,2
Fiji,2000,2
Fiji,2001,2
Fiji,2002,2
Fiji,2003,2
Fiji,2004,2
Fiji,2005,2
Fiji,2006,2
Fiji,2007,2
Fiji,2008,2
Fiji,2009,2
Fiji,2010,2
Fiji,2011,2
Fiji,2012,2
Fiji,2013,2
Finland,1980,1
Finland,1981,1
Finland,1982,2
Finland,1983,3
Finland,1984,4
Finland,1985,5
Finland,1986,6
Finland,1987,7
Finland,1988,8
Finland,1989,9
Finland,1990,10
Finland,1991,11
Finland,1992,13
Finland,1993,14
Finland,1994,15
Finland,1995,16
Finland,1996,16
Finland,1997,16
Finland,1998,16
Finland,1999,16
Finland,2000,16
Finland,2001,16
Finland,2002,16
Finland,2003,16
Finland,2004,16
Finland,2005,16
Finland,2006,16
Finland,2007,16
Finland,2008,16
Finland,2009,16
Finland,2010,16
Finland,2011,17
Finland,2012,17
Finland,2013,18
France,1967,1
France,1968,2
France,1969,3
France,1970,4
France,1971,4
France,1972,4
France,1973,4
France,1974,4
France,1975,5
France,1976,5
France,1977,5
France,1978,6
France,1979,6
France,1980,7
France,1981,7
France,1982,7
France,1983,7
France,1984,8
France,1985,9
France,1986,9
France,1987,10
France,1988,11
France,1989,11
France,1990,11
France,1991,11
France,1992,11
France,1993,11
France,1994,11
France,1995,11
France,1996,11
France,1997,11
France,1998,11
France,1999,11
France,2000,11
France,2001,11
France,2002,11
France,2003,11
France,2004,11
France,2005,11
France,2006,12
France,2007,12
France,2008,12
France,2009,13
France,2010,13
France,2011,14
France,2012,14
France,2013,14
Georgia,1999,1
Georgia,2000,1
Georgia,2001,2
Georgia,2002,2
Georgia,2003,2
Georgia,2004,3
Georgia,2005,3
Georgia,2006,3
Georgia,2007,3
Georgia,2008,3
Georgia,2009,3
Georgia,2010,3
Georgia,2011,3
Georgia,2012,3
Georgia,2013,3
Germany,1990,14
Germany,1991,14
Germany,1992,14
Germany,1993,14
Germany,1994,14
Germany,1995,14
Germany,1996,14
Germany,1997,14
Germany,1998,15
Germany,1999,15
Germany,2000,15
Germany,2001,15
Germany,2002,16
Germany,2003,17
Germany,2004,17
Germany,2005,18
Germany,2006,19
Germany,2007,20
Germany,2008,20
Germany,2009,20
Germany,2010,22
Germany,2011,22
Germany,2012,23
Germany,2013,24
Germany Federal Republic,1967,1
Germany Federal Republic,1968,1
Germany Federal Republic,1969,2
Germany Federal Republic,1970,2
Germany Federal Republic,1971,2
Germany Federal Republic,1972,2
Germany Federal Republic,1973,2
Germany Federal Republic,1974,2
Germany Federal Republic,1975,3
Germany Federal Republic,1976,4
Germany Federal Republic,1977,4
Germany Federal Republic,1978,6
Germany Federal Republic,1979,7
Germany Federal Republic,1980,7
Germany Federal Republic,1981,8
Germany Federal Republic,1982,9
Germany Federal Republic,1983,11
Germany Federal Republic,1984,13
Germany Federal Republic,1985,14
Germany Federal Republic,1986,14
Germany Federal Republic,1987,14
Germany Federal Republic,1988,14
Germany Federal Republic,1989,14
Ghana,1970,1
Ghana,1971,1
Ghana,1972,1
Ghana,1973,1
Ghana,1974,1
Ghana,1975,1
Ghana,1976,1
Ghana,1977,1
Ghana,1978,2
Ghana,1979,2
Ghana,1980,2
Ghana,1981,2
Ghana,1982,3
Ghana,1983,4
Ghana,1984,4
Ghana,1985,5
Ghana,1986,5
Ghana,1987,5
Ghana,1988,5
Ghana,1989,5
Ghana,1990,6
Ghana,1991,6
Ghana,1992,6
Ghana,1993,6
Ghana,1994,6
Ghana,1995,6
Ghana,1996,6
Ghana,1997,6
Ghana,1998,6
Ghana,1999,6
Ghana,2000,6
Ghana,2001,6
Ghana,2002,7
Ghana,2003,7
Ghana,2004,7
Ghana,2005,7
Ghana,2006,7
Ghana,2007,7
Ghana,2008,7
Ghana,2009,7
Ghana,2010,7
Ghana,2011,7
Ghana,2012,7
Ghana,2013,7
Greece,1972,1
Greece,1973,2
Greece,1974,3
Greece,1975,4
Greece,1976,5
Greece,1977,5
Greece,1978,6
Greece,1979,7
Greece,1980,7
Greece,1981,9
Greece,1982,10
Greece,1983,10
Greece,1984,11
Greece,1985,11
Greece,1986,11
Greece,1987,11
Greece,1988,11
Greece,1989,11
Greece,1990,11
Greece,1991,11
Greece,1992,11
Greece,1993,11
Greece,1994,11
Greece,1995,11
Greece,1996,11
Greece,1997,12
Greece,1998,12
Greece,1999,12
Greece,2000,12
Greece,2001,12
Greece,2002,12
Greece,2003,12
Greece,2004,13
Greece,2005,13
Greece,2006,13
Greece,2007,14
Greece,2008,15
Greece,2009,15
Greece,2010,15
Greece,2011,15
Greece,2012,16
Greece,2013,16
Grenada,2011,1
Grenada,2012,1
Grenada,2013,1
Guatemala,1982,1
Guatemala,1983,1
Guatemala,1984,1
Guatemala,1985,1
Guatemala,1986,2
Guatemala,1987,2
Guatemala,1988,3
Guatemala,1989,3
Guatemala,1990,3
Guatemala,1991,3
Guatemala,1992,3
Guatemala,1993,4
Guatemala,1994,4
Guatemala,1995,4
Guatemala,1996,4
Guatemala,1997,4
Guatemala,1998,4
Guatemala,1999,4
Guatemala,2000,4
Guatemala,2001,4
Guatemala,2002,4
Guatemala,2003,4
Guatemala,2004,4
Guatemala,2005,4
Guatemala,2006,4
Guatemala,2007,4
Guatemala,2008,4
Guatemala,2009,4
Guatemala,2010,4
Guatemala,2011,4
Guatemala,2012,4
Guatemala,2013,4
Haiti,1994,1
Haiti,1995,1
Haiti,1996,1
Haiti,1997,1
Haiti,1998,1
Haiti,1999,1
Haiti,2000,1
Haiti,2001,1
Haiti,2002,1
Haiti,2003,1
Haiti,2004,1
Haiti,2005,1
Haiti,2006,1
Haiti,2007,2
Haiti,2008,2
Haiti,2009,2
Haiti,2010,2
Haiti,2011,3
Haiti,2012,3
Haiti,2013,3
Honduras,1974,1
Honduras,1975,1
Honduras,1976,1
Honduras,1977,1
Honduras,1978,1
Honduras,1979,1
Honduras,1980,1
Honduras,1981,1
Honduras,1982,1
Honduras,1983,1
Honduras,1984,1
Honduras,1985,1
Honduras,1986,1
Honduras,1987,1
Honduras,1988,1
Honduras,1989,1
Honduras,1990,1
Honduras,1991,1
Honduras,1992,1
Honduras,1993,2
Honduras,1994,2
Honduras,1995,2
Honduras,1996,2
Honduras,1997,2
Honduras,1998,2
Honduras,1999,2
Honduras,2000,2
Honduras,2001,2
Honduras,2002,2
Honduras,2003,2
Honduras,2004,2
Honduras,2005,2
Honduras,2006,2
Honduras,2007,2
Honduras,2008,2
Honduras,2009,2
Honduras,2010,2
Honduras,2011,2
Honduras,2012,2
Honduras,2013,2
Hungary,1970,2
Hungary,1971,3
Hungary,1972,5
Hungary,1973,6
Hungary,1974,6
Hungary,1975,7
Hungary,1976,8
Hungary,1977,9
Hungary,1978,10
Hungary,1979,13
Hungary,1980,14
Hungary,1981,15
Hungary,1982,17
Hungary,1983,18
Hungary,1984,18
Hungary,1985,18
Hungary,1986,18
Hungary,1987,18
Hungary,1988,20
Hungary,1989,21
Hungary,1990,22
Hungary,1991,22
Hungary,1992,22
Hungary,1993,23
Hungary,1994,23
Hungary,1995,24
Hungary,1996,25
Hungary,1997,27
Hungary,1998,28
Hungary,1999,28
Hungary,2000,28
Hungary,2001,28
Hungary,2002,28
Hungary,2003,29
Hungary,2004,29
Hungary,2005,30
Hungary,2006,30
Hungary,2007,31
Hungary,2008,31
Hungary,2009,31
Hungary,2010,31
Hungary,2011,31
Hungary,2012,31
Hungary,2013,32
Iceland,1976,1
Iceland,1977,1
Iceland,1978,1
Iceland,1979,1
Iceland,1980,1
Iceland,1981,1
Iceland,1982,1
Iceland,1983,2
Iceland,1984,3
Iceland,1985,3
Iceland,1986,4
Iceland,1987,4
Iceland,1988,5
Iceland,1989,5
Iceland,1990,5
Iceland,1991,5
Iceland,1992,5
Iceland,1993,5
Iceland,1994,5
Iceland,1995,5
Iceland,1996,5
Iceland,1997,5
Iceland,1998,5
Iceland,1999,5
Iceland,2000,5
Iceland,2001,5
Iceland,2002,5
Iceland,2003,5
Iceland,2004,5
Iceland,2005,5
Iceland,2006,5
Iceland,2007,5
Iceland,2008,5
Iceland,2009,5
Iceland,2010,6
Iceland,2011,6
Iceland,2012,6
Iceland,2013,6
India,1967,1
India,1968,1
India,1969,1
India,1970,2
India,1971,3
India,1972,3
India,1973,4
India,1974,5
India,1975,6
India,1976,7
India,1977,9
India,1978,10
India,1979,12
India,1980,13
India,1981,15
India,1982,16
India,1983,17
India,1984,18
India,1985,19
India,1986,21
India,1987,22
India,1988,23
India,1989,25
India,1990,26
India,1991,27
India,1992,27
India,1993,27
India,1994,28
India,1995,29
India,1996,30
India,1997,30
India,1998,30
India,1999,30
India,2000,31
India,2001,33
India,2002,35
India,2003,35
India,2004,37
India,2005,39
India,2006,40
India,2007,42
India,2008,42
India,2009,44
India,2010,45
India,2011,46
India,2012,46
India,2013,47
Indonesia,1970,2
Indonesia,1971,3
Indonesia,1972,5
Indonesia,1973,6
Indonesia,1974,8
Indonesia,1975,9
Indonesia,1976,12
Indonesia,1977,14
Indonesia,1978,15
Indonesia,1979,17
Indonesia,1980,19
Indonesia,1981,20
Indonesia,1982,21
Indonesia,1983,22
Indonesia,1984,23
Indonesia,1985,23
Indonesia,1986,23
Indonesia,1987,24
Indonesia,1988,25
Indonesia,1989,25
Indonesia,1990,26
Indonesia,1991,27
Indonesia,1992,27
Indonesia,1993,28
Indonesia,1994,28
Indonesia,1995,28
Indonesia,1996,28
Indonesia,1997,28
Indonesia,1998,28
Indonesia,1999,28
Indonesia,2000,28
Indonesia,2001,30
Indonesia,2002,31
Indonesia,2003,31
Indonesia,2004,31
Indonesia,2005,32
Indonesia,2006,34
Indonesia,2007,35
Indonesia,2008,35
Indonesia,2009,35
Indonesia,2010,35
Indonesia,2011,35
Indonesia,2012,35
Indonesia,2013,35
Iran,1967,1
Iran,1968,1
Iran,1969,1
Iran,1970,1
Iran,1971,1
Iran,1972,1
Iran,1973,1
Iran,1974,2
Iran,1975,2
Iran,1976,2
Iran,1977,2
Iran,1978,3
Iran,1979,3
Iran,1980,3
Iran,1981,3
Iran,1982,3
Iran,1983,3
Iran,1984,3
Iran,1985,3
Iran,1986,3
Iran,1987,3
Iran,1988,3
Iran,1989,4
Iran,1990,5
Iran,1991,5
Iran,1992,6
Iran,1993,6
Iran,1994,6
Iran,1995,6
Iran,1996,6
Iran,1997,6
Iran,1998,6
Iran,1999,6
Iran,2000,6
Iran,2001,6
Iran,2002,6
Iran,2003,6
Iran,2004,6
Iran,2005,6
Iran,2006,7
Iran,2007,7
Iran,2008,8
Iran,2009,8
Iran,2010,9
Iran,2011,9
Iran,2012,10
Iran,2013,11
Iraq,1990,2
Iraq,1991,2
Iraq,1992,2
Iraq,1993,2
Iraq,1994,2
Iraq,1995,2
Iraq,1996,2
Iraq,1997,2
Iraq,1998,2
Iraq,1999,2
Iraq,2000,2
Iraq,2001,2
Iraq,2002,2
Iraq,2003,2
Iraq,2004,2
Iraq,2005,2
Iraq,2006,2
Iraq,2007,2
Iraq,2008,2
Iraq,2009,3
Iraq,2010,3
Iraq,2011,4
Iraq,2012,5
Iraq,2013,5
Ireland,1968,1
Ireland,1969,1
Ireland,1970,1
Ireland,1971,1
Ireland,1972,1
Ireland,1973,1
Ireland,1974,1
Ireland,1975,1
Ireland,1976,1
Ireland,1977,1
Ireland,1978,2
Ireland,1979,4
Ireland,1980,5
Ireland,1981,6
Ireland,1982,6
Ireland,1983,7
Ireland,1984,8
Ireland,1985,9
Ireland,1986,9
Ireland,1987,9
Ireland,1988,9
Ireland,1989,9
Ireland,1990,9
Ireland,1991,9
Ireland,1992,9
Ireland,1993,9
Ireland,1994,10
Ireland,1995,10
Ireland,1996,10
Ireland,1997,10
Ireland,1998,10
Ireland,1999,10
Ireland,2000,11
Ireland,2001,12
Ireland,2002,12
Ireland,2003,13
Ireland,2004,14
Ireland,2005,14
Ireland,2006,14
Ireland,2007,14
Ireland,2008,14
Ireland,2009,15
Ireland,2010,16
Ireland,2011,17
Ireland,2012,17
Ireland,2013,18
Israel,1968,1
Israel,1969,2
Israel,1970,3
Israel,1971,4
Israel,1972,4
Israel,1973,4
Israel,1974,5
Israel,1975,5
Israel,1976,5
Israel,1977,7
Israel,1978,8
Israel,1979,9
Israel,1980,11
Israel,1981,13
Israel,1982,15
Israel,1983,16
Israel,1984,19
Israel,1985,22
Israel,1986,23
Israel,1987,24
Israel,1988,25
Israel,1989,26
Israel,1990,28
Israel,1991,28
Israel,1992,29
Israel,1993,29
Israel,1994,31
Israel,1995,33
Israel,1996,33
Israel,1997,33
Israel,1998,34
Israel,1999,34
Israel,2000,35
Israel,2001,38
Israel,2002,40
Israel,2003,41
Israel,2004,42
Israel,2005,44
Israel,2006,45
Israel,2007,46
Israel,2008,48
Israel,2009,49
Israel,2010,51
Israel,2011,53
Israel,2012,53
Israel,2013,54
Italy,1979,1
Italy,1980,1
Italy,1981,1
Italy,1982,1
Italy,1983,1
Italy,1984,1
Italy,1985,1
Italy,1986,1
Italy,1987,1
Italy,1988,1
Italy,1989,1
Italy,1990,1
Italy,1991,1
Italy,1992,1
Italy,1993,1
Italy,1994,1
Italy,1995,1
Italy,1996,1
Italy,1997,1
Italy,1998,1
Italy,1999,1
Italy,2000,1
Italy,2001,2
Italy,2002,2
Italy,2003,2
Italy,2004,2
Italy,2005,2
Italy,2006,2
Italy,2007,2
Italy,2008,3
Italy,2009,3
Italy,2010,3
Italy,2011,3
Italy,2012,3
Italy,2013,3
Jamaica,1983,1
Jamaica,1984,2
Jamaica,1985,4
Jamaica,1986,5
Jamaica,1987,5
Jamaica,1988,5
Jamaica,1989,6
Jamaica,1990,6
Jamaica,1991,7
Jamaica,1992,7
Jamaica,1993,7
Jamaica,1994,7
Jamaica,1995,7
Jamaica,1996,7
Jamaica,1997,7
Jamaica,1998,7
Jamaica,1999,7
Jamaica,2000,7
Jamaica,2001,7
Jamaica,2002,7
Jamaica,2003,7
Jamaica,2004,7
Jamaica,2005,7
Jamaica,2006,7
Jamaica,2007,8
Jamaica,2008,8
Jamaica,2009,9
Jamaica,2010,9
Jamaica,2011,9
Jamaica,2012,9
Jamaica,2013,9
Japan,1966,1
Japan,1967,4
Japan,1968,5
Japan,1969,7
Japan,1970,8
Japan,1971,10
Japan,1972,11
Japan,1973,12
Japan,1974,12
Japan,1975,13
Japan,1976,14
Japan,1977,14
Japan,1978,16
Japan,1979,17
Japan,1980,19
Japan,1981,19
Japan,1982,20
Japan,1983,20
Japan,1984,21
Japan,1985,22
Japan,1986,22
Japan,1987,23
Japan,1988,23
Japan,1989,24
Japan,1990,24
Japan,1991,25
Japan,1992,27
Japan,1993,27
Japan,1994,28
Japan,1995,28
Japan,1996,28
Japan,1997,28
Japan,1998,28
Japan,1999,28
Japan,2000,28
Japan,2001,28
Japan,2002,29
Japan,2003,30
Japan,2004,32
Japan,2005,34
Japan,2006,34
Japan,2007,34
Japan,2008,34
Japan,2009,35
Japan,2010,35
Japan,2011,35
Japan,2012,35
Japan,2013,36
Jordan,1995,1
Jordan,1996,1
Jordan,1997,1
Jordan,1998,1
Jordan,1999,1
Jordan,2000,1
Jordan,2001,1
Jordan,2002,1
Jordan,2003,1
Jordan,2004,1
Jordan,2005,1
Jordan,2006,1
Jordan,2007,1
Jordan,2008,2
Jordan,2009,3
Jordan,2010,3
Jordan,2011,4
Jordan,2012,4
Jordan,2013,4
Kazakhstan,2005,1
Kazakhstan,2006,1
Kazakhstan,2007,1
Kazakhstan,2008,2
Kazakhstan,2009,2
Kazakhstan,2010,2
Kazakhstan,2011,2
Kazakhstan,2012,2
Kazakhstan,2013,2
Kenya,1975,1
Kenya,1976,1
Kenya,1977,1
Kenya,1978,1
Kenya,1979,1
Kenya,1980,1
Kenya,1981,1
Kenya,1982,2
Kenya,1983,2
Kenya,1984,2
Kenya,1985,2
Kenya,1986,2
Kenya,1987,2
Kenya,1988,2
Kenya,1989,3
Kenya,1990,4
Kenya,1991,4
Kenya,1992,5
Kenya,1993,6
Kenya,1994,6
Kenya,1995,6
Kenya,1996,8
Kenya,1997,8
Kenya,1998,8
Kenya,1999,8
Kenya,2000,8
Kenya,2001,8
Kenya,2002,8
Kenya,2003,8
Kenya,2004,8
Kenya,2005,9
Kenya,2006,9
Kenya,2007,10
Kenya,2008,10
Kenya,2009,10
Kenya,2010,11
Kenya,2011,11
Kenya,2012,11
Kenya,2013,11
Kuwait,2005,1
Kuwait,2006,1
Kuwait,2007,1
Kuwait,2008,1
Kuwait,2009,1
Kuwait,2010,1
Kuwait,2011,1
Kuwait,2012,2
Kuwait,2013,3
Kyrgyzstan,2006,1
Kyrgyzstan,2007,1
Kyrgyzstan,2008,1
Kyrgyzstan,2009,1
Kyrgyzstan,2010,2
Kyrgyzstan,2011,2
Kyrgyzstan,2012,2
Kyrgyzstan,2013,2
Laos,2001,1
Laos,2002,2
Laos,2003,2
Laos,2004,2
Laos,2005,2
Laos,2006,2
Laos,2007,2
Laos,2008,2
Laos,2009,2
Laos,2010,2
Laos,2011,2
Laos,2012,2
Laos,2013,2
Latvia,1996,2
Latvia,1997,2
Latvia,1998,2
Latvia,1999,2
Latvia,2000,2
Latvia,2001,2
Latvia,2002,2
Latvia,2003,2
Latvia,2004,2
Latvia,2005,2
Latvia,2006,2
Latvia,2007,2
Latvia,2008,2
Latvia,2009,2
Latvia,2010,2
Latvia,2011,2
Latvia,2012,2
Latvia,2013,3
Lebanon,2011,1
Lebanon,2012,1
Lebanon,2013,1
Liberia,1967,1
Liberia,1968,1
Liberia,1969,1
Liberia,1970,1
Liberia,1971,1
Liberia,1972,1
Liberia,1973,1
Liberia,1974,1
Liberia,1975,1
Liberia,1976,1
Liberia,1977,1
Liberia,1978,1
Liberia,1979,2
Liberia,1980,2
Liberia,1981,2
Liberia,1982,2
Liberia,1983,2
Liberia,1984,2
Liberia,1985,2
Liberia,1986,2
Liberia,1987,2
Liberia,1988,2
Liberia,1989,2
Liberia,1990,2
Liberia,1991,2
Liberia,1992,2
Liberia,1993,2
Liberia,1994,2
Liberia,1995,2
Liberia,1996,2
Liberia,1997,2
Liberia,1998,2
Liberia,1999,2
Liberia,2000,2
Liberia,2001,2
Liberia,2002,2
Liberia,2003,2
Liberia,2004,2
Liberia,2005,2
Liberia,2006,2
Liberia,2007,2
Liberia,2008,2
Liberia,2009,2
Liberia,2010,2
Liberia,2011,2
Liberia,2012,2
Liberia,2013,2
Libya,2005,1
Libya,2006,2
Libya,2007,2
Libya,2008,2
Libya,2009,2
Libya,2010,2
Libya,2011,2
Libya,2012,2
Libya,2013,2
Lithuania,1995,1
Lithuania,1996,2
Lithuania,1997,2
Lithuania,1998,2
Lithuania,1999,2
Lithuania,2000,2
Lithuania,2001,3
Lithuania,2002,4
Lithuania,2003,5
Lithuania,2004,5
Lithuania,2005,5
Lithuania,2006,5
Lithuania,2007,5
Lithuania,2008,5
Lithuania,2009,6
Lithuania,2010,6
Lithuania,2011,6
Lithuania,2012,6
Lithuania,2013,6
Luxembourg,1987,1
Luxembourg,1988,2
Luxembourg,1989,3
Luxembourg,1990,4
Luxembourg,1991,4
Luxembourg,1992,4
Luxembourg,1993,4
Luxembourg,1994,4
Luxembourg,1995,4
Luxembourg,1996,4
Luxembourg,1997,4
Luxembourg,1998,4
Luxembourg,1999,4
Luxembourg,2000,4
Luxembourg,2001,4
Luxembourg,2002,4
Luxembourg,2003,4
Luxembourg,2004,4
Luxembourg,2005,4
Luxembourg,2006,4
Luxembourg,2007,4
Luxembourg,2008,4
Luxembourg,2009,4
Luxembourg,2010,4
Luxembourg,2011,4
Luxembourg,2012,4
Luxembourg,2013,4
Macedonia,1996,1
Macedonia,1997,1
Macedonia,1998,1
Macedonia,1999,1
Macedonia,2000,1
Macedonia,2001,1
Macedonia,2002,1
Macedonia,2003,1
Macedonia,2004,1
Macedonia,2005,2
Macedonia,2006,2
Macedonia,2007,2
Macedonia,2008,3
Macedonia,2009,3
Macedonia,2010,3
Macedonia,2011,3
Macedonia,2012,3
Macedonia,2013,3
Madagascar,2002,1
Madagascar,2003,1
Madagascar,2004,1
Madagascar,2005,1
Madagascar,2006,1
Madagascar,2007,1
Madagascar,2008,1
Madagascar,2009,1
Madagascar,2010,1
Madagascar,2011,1
Madagascar,2012,1
Madagascar,2013,1
Malawi,1982,1
Malawi,1983,1
Malawi,1984,2
Malawi,1985,2
Malawi,1986,2
Malawi,1987,2
Malawi,1988,2
Malawi,1989,2
Malawi,1990,2
Malawi,1991,2
Malawi,1992,2
Malawi,1993,2
Malawi,1994,2
Malawi,1995,2
Malawi,1996,2
Malawi,1997,3
Malawi,1998,3
Malawi,1999,3
Malawi,2000,3
Malawi,2001,3
Malawi,2002,3
Malawi,2003,3
Malawi,2004,3
Malawi,2005,3
Malawi,2006,3
Malawi,2007,3
Malawi,2008,3
Malawi,2009,3
Malawi,2010,3
Malawi,2011,3
Malawi,2012,3
Malawi,2013,3
Malaysia,1974,1
Malaysia,1975,1
Malaysia,1976,1
Malaysia,1977,2
Malaysia,1978,2
Malaysia,1979,2
Malaysia,1980,2
Malaysia,1981,3
Malaysia,1982,3
Malaysia,1983,3
Malaysia,1984,3
Malaysia,1985,3
Malaysia,1986,4
Malaysia,1987,4
Malaysia,1988,4
Malaysia,1989,4
Malaysia,1990,4
Malaysia,1991,5
Malaysia,1992,6
Malaysia,1993,7
Malaysia,1994,8
Malaysia,1995,10
Malaysia,1996,11
Malaysia,1997,12
Malaysia,1998,12
Malaysia,1999,12
Malaysia,2000,12
Malaysia,2001,13
Malaysia,2002,14
Malaysia,2003,14
Malaysia,2004,15
Malaysia,2005,16
Malaysia,2006,16
Malaysia,2007,18
Malaysia,2008,18
Malaysia,2009,18
Malaysia,2010,18
Malaysia,2011,18
Malaysia,2012,18
Malaysia,2013,18
Malta,2007,1
Malta,2008,1
Malta,2009,1
Malta,2010,1
Malta,2011,1
Malta,2012,1
Malta,2013,1
Mauritius,2010,1
Mauritius,2011,1
Mauritius,2012,2
Mauritius,2013,2
Mexico,1968,1
Mexico,1969,2
Mexico,1970,3
Mexico,1971,3
Mexico,1972,3
Mexico,1973,3
Mexico,1974,3
Mexico,1975,4
Mexico,1976,5
Mexico,1977,6
Mexico,1978,6
Mexico,1979,6
Mexico,1980,7
Mexico,1981,8
Mexico,1982,9
Mexico,1983,10
Mexico,1984,11
Mexico,1985,12
Mexico,1986,13
Mexico,1987,14
Mexico,1988,14
Mexico,1989,14
Mexico,1990,15
Mexico,1991,16
Mexico,1992,16
Mexico,1993,18
Mexico,1994,19
Mexico,1995,19
Mexico,1996,22
Mexico,1997,24
Mexico,1998,24
Mexico,1999,24
Mexico,2000,24
Mexico,2001,24
Mexico,2002,24
Mexico,2003,24
Mexico,2004,24
Mexico,2005,24
Mexico,2006,25
Mexico,2007,25
Mexico,2008,25
Mexico,2009,25
Mexico,2010,25
Mexico,2011,25
Mexico,2012,25
Mexico,2013,25
Mongolia,2003,1
Mongolia,2004,1
Mongolia,2005,1
Mongolia,2006,1
Mongolia,2007,2
Mongolia,2008,2
Mongolia,2009,2
Mongolia,2010,2
Mongolia,2011,2
Mongolia,2012,2
Mongolia,2013,2
Montenegro,2007,1
Montenegro,2008,1
Montenegro,2009,1
Montenegro,2010,1
Montenegro,2011,1
Montenegro,2012,1
Montenegro,2013,1
Morocco,1996,1
Morocco,1997,1
Morocco,1998,1
Morocco,1999,1
Morocco,2000,1
Morocco,2001,1
Morocco,2002,1
Morocco,2003,1
Morocco,2004,1
Morocco,2005,1
Morocco,2006,1
Morocco,2007,1
Morocco,2008,1
Morocco,2009,1
Morocco,2010,1
Morocco,2011,1
Morocco,2012,1
Morocco,2013,1
Mozambique,1991,1
Mozambique,1992,1
Mozambique,1993,1
Mozambique,1994,1
Mozambique,1995,1
Mozambique,1996,1
Mozambique,1997,2
Mozambique,1998,2
Mozambique,1999,2
Mozambique,2000,2
Mozambique,2001,2
Mozambique,2002,2
Mozambique,2003,2
Mozambique,2004,2
Mozambique,2005,2
Mozambique,2006,2
Mozambique,2007,2
Mozambique,2008,2
Mozambique,2009,2
Mozambique,2010,2
Mozambique,2011,2
Mozambique,2012,2
Mozambique,2013,2
Myanmar,1994,1
Myanmar,1995,1
Myanmar,1996,2
Myanmar,1997,2
Myanmar,1998,2
Myanmar,1999,2
Myanmar,2000,3
Myanmar,2001,6
Myanmar,2002,7
Myanmar,2003,8
Myanmar,2004,9
Myanmar,2005,10
Myanmar,2006,11
Myanmar,2007,12
Myanmar,2008,13
Myanmar,2009,14
Myanmar,2010,16
Myanmar,2011,17
Myanmar,2012,18
Myanmar,2013,18
Nepal,2004,1
Nepal,2005,2
Nepal,2006,2
Nepal,2007,2
Nepal,2008,2
Nepal,2009,2
Nepal,2010,2
Nepal,2011,3
Nepal,2012,3
Nepal,2013,3
New Zealand,1985,1
New Zealand,1986,1
New Zealand,1987,1
New Zealand,1988,1
New Zealand,1989,1
New Zealand,1990,1
New Zealand,1991,1
New Zealand,1992,2
New Zealand,1993,3
New Zealand,1994,4
New Zealand,1995,5
New Zealand,1996,6
New Zealand,1997,7
New Zealand,1998,7
New Zealand,1999,7
New Zealand,2000,7
New Zealand,2001,8
New Zealand,2002,9
New Zealand,2003,9
New Zealand,2004,10
New Zealand,2005,10
New Zealand,2006,11
New Zealand,2007,12
New Zealand,2008,13
New Zealand,2009,14
New Zealand,2010,16
New Zealand,2011,17
New Zealand,2012,18
New Zealand,2013,20
Nicaragua,1991,1
Nicaragua,1992,1
Nicaragua,1993,1
Nicaragua,1994,1
Nicaragua,1995,1
Nicaragua,1996,1
Nicaragua,1997,1
Nicaragua,1998,1
Nicaragua,1999,1
Nicaragua,2000,1
Nicaragua,2001,1
Nicaragua,2002,1
Nicaragua,2003,1
Nicaragua,2004,1
Nicaragua,2005,1
Nicaragua,2006,1
Nicaragua,2007,1
Nicaragua,2008,1
Nicaragua,2009,1
Nicaragua,2010,1
Nicaragua,2011,1
Nicaragua,2012,1
Nicaragua,2013,1
Niger,1971,2
Niger,1972,4
Niger,1973,6
Niger,1974,10
Niger,1975,10
Niger,1976,12
Niger,1977,12
Niger,1978,12
Niger,1979,12
Niger,1980,16
Niger,1981,18
Niger,1982,20
Niger,1983,22
Niger,1984,24
Niger,1985,26
Niger,1986,28
Niger,1987,30
Niger,1988,32
Niger,1989,32
Niger,1990,34
Niger,1991,36
Niger,1992,36
Niger,1993,38
Niger,1994,40
Niger,1995,40
Niger,1996,40
Niger,1997,40
Niger,1998,40
Niger,1999,42
Niger,2000,46
Niger,2001,46
Niger,2002,48
Niger,2003,48
Niger,2004,50
Niger,2005,50
Niger,2006,50
Niger,2007,50
Niger,2008,52
Niger,2009,52
Niger,2010,54
Niger,2011,56
Niger,2012,56
Niger,2013,56
Nigeria,1971,2
Nigeria,1972,4
Nigeria,1973,6
Nigeria,1974,10
Nigeria,1975,10
Nigeria,1976,12
Nigeria,1977,12
Nigeria,1978,12
Nigeria,1979,12
Nigeria,1980,16
Nigeria,1981,18
Nigeria,1982,20
Nigeria,1983,22
Nigeria,1984,24
Nigeria,1985,26
Nigeria,1986,28
Nigeria,1987,30
Nigeria,1988,32
Nigeria,1989,32
Nigeria,1990,34
Nigeria,1991,36
Nigeria,1992,36
Nigeria,1993,38
Nigeria,1994,40
Nigeria,1995,40
Nigeria,1996,40
Nigeria,1997,40
Nigeria,1998,40
Nigeria,1999,42
Nigeria,2000,46
Nigeria,2001,46
Nigeria,2002,48
Nigeria,2003,48
Nigeria,2004,50
Nigeria,2005,50
Nigeria,2006,50
Nigeria,2007,50
Nigeria,2008,52
Nigeria,2009,52
Nigeria,2010,54
Nigeria,2011,56
Nigeria,2012,56
Nigeria,2013,56
Norway,1981,1
Norway,1982,1
Norway,1983,1
Norway,1984,1
Norway,1985,1
Norway,1986,1
Norway,1987,1
Norway,1988,1
Norway,1989,1
Norway,1990,1
Norway,1991,1
Norway,1992,1
Norway,1993,1
Norway,1994,1
Norway,1995,1
Norway,1996,1
Norway,1997,1
Norway,1998,1
Norway,1999,1
Norway,2000,1
Norway,2001,2
Norway,2002,2
Norway,2003,3
Norway,2004,3
Norway,2005,3
Norway,2006,3
Norway,2007,3
Norway,2008,3
Norway,2009,3
Norway,2010,3
Norway,2011,3
Norway,2012,3
Norway,2013,3
Oman,2004,1
Oman,2005,1
Oman,2006,1
Oman,2007,1
Oman,2008,1
Oman,2009,1
Oman,2010,1
Oman,2011,1
Oman,2012,1
Oman,2013,1
Pakistan,1988,1
Pakistan,1989,1
Pakistan,1990,1
Pakistan,1991,1
Pakistan,1992,1
Pakistan,1993,1
Pakistan,1994,1
Pakistan,1995,1
Pakistan,1996,1
Pakistan,1997,1
Pakistan,1998,1
Pakistan,1999,1
Pakistan,2000,1
Pakistan,2001,1
Pakistan,2002,1
Pakistan,2003,1
Pakistan,2004,1
Pakistan,2005,1
Pakistan,2006,1
Pakistan,2007,1
Pakistan,2008,1
Pakistan,2009,2
Pakistan,2010,3
Pakistan,2011,4
Pakistan,2012,5
Pakistan,2013,6
Panama,1968,1
Panama,1969,1
Panama,1970,1
Panama,1971,1
Panama,1972,1
Panama,1973,1
Panama,1974,2
Panama,1975,2
Panama,1976,2
Panama,1977,2
Panama,1978,2
Panama,1979,2
Panama,1980,2
Panama,1981,2
Panama,1982,2
Panama,1983,2
Panama,1984,2
Panama,1985,2
Panama,1986,2
Panama,1987,2
Panama,1988,2
Panama,1989,2
Panama,1990,2
Panama,1991,2
Panama,1992,2
Panama,1993,2
Panama,1994,2
Panama,1995,2
Panama,1996,2
Panama,1997,2
Panama,1998,2
Panama,1999,2
Panama,2000,2
Panama,2001,2
Panama,2002,2
Panama,2003,2
Panama,2004,2
Panama,2005,2
Panama,2006,2
Panama,2007,2
Panama,2008,2
Panama,2009,2
Panama,2010,2
Panama,2011,2
Panama,2012,2
Panama,2013,3
Papua New Guinea,1976,1
Papua New Guinea,1977,2
Papua New Guinea,1978,2
Papua New Guinea,1979,2
Papua New Guinea,1980,2
Papua New Guinea,1981,2
Papua New Guinea,1982,2
Papua New Guinea,1983,2
Papua New Guinea,1984,2
Papua New Guinea,1985,2
Papua New Guinea,1986,2
Papua New Guinea,1987,2
Papua New Guinea,1988,2
Papua New Guinea,1989,2
Papua New Guinea,1990,2
Papua New Guinea,1991,2
Papua New Guinea,1992,2
Papua New Guinea,1993,2
Papua New Guinea,1994,2
Papua New Guinea,1995,3
Papua New Guinea,1996,3
Papua New Guinea,1997,3
Papua New Guinea,1998,3
Papua New Guinea,1999,3
Papua New Guinea,2000,3
Papua New Guinea,2001,3
Papua New Guinea,2002,3
Papua New Guinea,2003,3
Papua New Guinea,2004,3
Papua New Guinea,2005,3
Papua New Guinea,2006,3
Papua New Guinea,2007,3
Papua New Guinea,2008,3
Papua New Guinea,2009,3
Papua New Guinea,2010,3
Papua New Guinea,2011,3
Papua New Guinea,2012,3
Papua New Guinea,2013,3
Paraguay,1987,1
Paraguay,1988,1
Paraguay,1989,1
Paraguay,1990,1
Paraguay,1991,1
Paraguay,1992,1
Paraguay,1993,1
Paraguay,1994,1
Paraguay,1995,1
Paraguay,1996,1
Paraguay,1997,2
Paraguay,1998,2
Paraguay,1999,2
Paraguay,2000,2
Paraguay,2001,2
Paraguay,2002,2
Paraguay,2003,2
Paraguay,2004,2
Paraguay,2005,2
Paraguay,2006,2
Paraguay,2007,2
Paraguay,2008,2
Paraguay,2009,2
Paraguay,2010,2
Paraguay,2011,2
Paraguay,2012,2
Paraguay,2013,2
Philippines,1967,2
Philippines,1968,4
Philippines,1969,5
Philippines,1970,6
Philippines,1971,6
Philippines,1972,6
Philippines,1973,7
Philippines,1974,7
Philippines,1975,7
Philippines,1976,7
Philippines,1977,9
Philippines,1978,10
Philippines,1979,11
Philippines,1980,11
Philippines,1981,12
Philippines,1982,13
Philippines,1983,14
Philippines,1984,15
Philippines,1985,16
Philippines,1986,18
Philippines,1987,20
Philippines,1988,21
Philippines,1989,22
Philippines,1990,25
Philippines,1991,29
Philippines,1992,29
Philippines,1993,29
Philippines,1994,29
Philippines,1995,29
Philippines,1996,29
Philippines,1997,29
Philippines,1998,29
Philippines,1999,29
Philippines,2000,29
Philippines,2001,29
Philippines,2002,31
Philippines,2003,31
Philippines,2004,31
Philippines,2005,31
Philippines,2006,31
Philippines,2007,32
Philippines,2008,33
Philippines,2009,34
Philippines,2010,36
Philippines,2011,37
Philippines,2012,38
Philippines,2013,39
Poland,1966,1
Poland,1967,2
Poland,1968,4
Poland,1969,6
Poland,1970,11
Poland,1971,12
Poland,1972,14
Poland,1973,17
Poland,1974,19
Poland,1975,21
Poland,1976,22
Poland,1977,22
Poland,1978,24
Poland,1979,25
Poland,1980,25
Poland,1981,27
Poland,1982,28
Poland,1983,28
Poland,1984,29
Poland,1985,30
Poland,1986,32
Poland,1987,33
Poland,1988,34
Poland,1989,35
Poland,1990,37
Poland,1991,38
Poland,1992,40
Poland,1993,41
Poland,1994,42
Poland,1995,43
Poland,1996,45
Poland,1997,47
Poland,1998,47
Poland,1999,50
Poland,2000,52
Poland,2001,54
Poland,2002,56
Poland,2003,58
Poland,2004,59
Poland,2005,59
Poland,2006,59
Poland,2007,59
Poland,2008,59
Poland,2009,59
Poland,2010,60
Poland,2011,60
Poland,2012,60
Poland,2013,60
Portugal,1968,1
Portugal,1969,1
Portugal,1970,1
Portugal,1971,1
Portugal,1972,1
Portugal,1973,1
Portugal,1974,1
Portugal,1975,1
Portugal,1976,1
Portugal,1977,1
Portugal,1978,1
Portugal,1979,1
Portugal,1980,1
Portugal,1981,1
Portugal,1982,1
Portugal,1983,1
Portugal,1984,1
Portugal,1985,1
Portugal,1986,1
Portugal,1987,1
Portugal,1988,1
Portugal,1989,1
Portugal,1990,1
Portugal,1991,1
Portugal,1992,1
Portugal,1993,1
Portugal,1994,1
Portugal,1995,1
Portugal,1996,1
Portugal,1997,1
Portugal,1998,1
Portugal,1999,1
Portugal,2000,1
Portugal,2001,1
Portugal,2002,1
Portugal,2003,1
Portugal,2004,1
Portugal,2005,1
Portugal,2006,1
Portugal,2007,1
Portugal,2008,1
Portugal,2009,1
Portugal,2010,1
Portugal,2011,1
Portugal,2012,1
Portugal,2013,2
Romania,1968,1
Romania,1969,1
Romania,1970,4
Romania,1971,6
Romania,1972,9
Romania,1973,12
Romania,1974,12
Romania,1975,12
Romania,1976,12
Romania,1977,14
Romania,1978,15
Romania,1979,15
Romania,1980,16
Romania,1981,16
Romania,1982,17
Romania,1983,19
Romania,1984,19
Romania,1985,21
Romania,1986,21
Romania,1987,21
Romania,1988,21
Romania,1989,23
Romania,1990,25
Romania,1991,25
Romania,1992,25
Romania,1993,26
Romania,1994,26
Romania,1995,27
Romania,1996,27
Romania,1997,27
Romania,1998,27
Romania,1999,28
Romania,2000,28
Romania,2001,28
Romania,2002,28
Romania,2003,29
Romania,2004,29
Romania,2005,29
Romania,2006,29
Romania,2007,29
Romania,2008,30
Romania,2009,30
Romania,2010,30
Romania,2011,30
Romania,2012,30
Romania,2013,30
Russia,1993,1
Russia,1994,2
Russia,1995,3
Russia,1996,5
Russia,1997,7
Russia,1998,7
Russia,1999,8
Russia,2000,9
Russia,2001,10
Russia,2002,11
Russia,2003,11
Russia,2004,14
Russia,2005,14
Russia,2006,15
Russia,2007,16
Russia,2008,17
Russia,2009,17
Russia,2010,18
Russia,2011,19
Russia,2012,20
Russia,2013,21
Rwanda,2004,1
Rwanda,2005,1
Rwanda,2006,1
Rwanda,2007,1
Rwanda,2008,1
Rwanda,2009,1
Rwanda,2010,1
Rwanda,2011,1
Rwanda,2012,1
Rwanda,2013,1
Saudi Arabia,1993,1
Saudi Arabia,1994,1
Saudi Arabia,1995,2
Saudi Arabia,1996,2
Saudi Arabia,1997,2
Saudi Arabia,1998,2
Saudi Arabia,1999,2
Saudi Arabia,2000,2
Saudi Arabia,2001,2
Saudi Arabia,2002,2
Saudi Arabia,2003,2
Saudi Arabia,2004,2
Saudi Arabia,2005,3
Saudi Arabia,2006,3
Saudi Arabia,2007,3
Saudi Arabia,2008,3
Saudi Arabia,2009,4
Saudi Arabia,2010,4
Saudi Arabia,2011,4
Saudi Arabia,2012,5
Saudi Arabia,2013,5
Senegal,1990,1
Senegal,1991,1
Senegal,1992,1
Senegal,1993,1
Senegal,1994,1
Senegal,1995,2
Senegal,1996,2
Senegal,1997,2
Senegal,1998,2
Senegal,1999,2
Senegal,2000,2
Senegal,2001,2
Senegal,2002,2
Senegal,2003,2
Senegal,2004,2
Senegal,2005,2
Senegal,2006,2
Senegal,2007,2
Senegal,2008,2
Senegal,2009,2
Senegal,2010,2
Senegal,2011,2
Senegal,2012,2
Senegal,2013,2
Sierra Leone,1988,1
Sierra Leone,1989,1
Sierra Leone,1990,1
Sierra Leone,1991,1
Sierra Leone,1992,2
Sierra Leone,1993,2
Sierra Leone,1994,3
Sierra Leone,1995,3
Sierra Leone,1996,3
Sierra Leone,1997,3
Sierra Leone,1998,3
Sierra Leone,1999,3
Sierra Leone,2000,3
Sierra Leone,2001,3
Sierra Leone,2002,3
Sierra Leone,2003,3
Sierra Leone,2004,3
Sierra Leone,2005,3
Sierra Leone,2006,3
Sierra Leone,2007,3
Sierra Leone,2008,3
Sierra Leone,2009,4
Sierra Leone,2010,4
Sierra Leone,2011,4
Sierra Leone,2012,4
Sierra Leone,2013,4
Singapore,1967,1
Singapore,1968,1
Singapore,1969,1
Singapore,1970,1
Singapore,1971,1
Singapore,1972,1
Singapore,1973,1
Singapore,1974,1
Singapore,1975,1
Singapore,1976,1
Singapore,1977,2
Singapore,1978,3
Singapore,1979,4
Singapore,1980,4
Singapore,1981,4
Singapore,1982,4
Singapore,1983,4
Singapore,1984,4
Singapore,1985,6
Singapore,1986,8
Singapore,1987,8
Singapore,1988,9
Singapore,1989,9
Singapore,1990,12
Singapore,1991,12
Singapore,1992,12
Singapore,1993,12
Singapore,1994,13
Singapore,1995,15
Singapore,1996,15
Singapore,1997,17
Singapore,1998,17
Singapore,1999,17
Singapore,2000,19
Singapore,2001,19
Singapore,2002,20
Singapore,2003,20
Singapore,2004,20
Singapore,2005,20
Singapore,2006,20
Singapore,2007,21
Singapore,2008,21
Singapore,2009,21
Singapore,2010,22
Singapore,2011,23
Singapore,2012,24
Singapore,2013,25
Slovakia,1995,1
Slovakia,1996,2
Slovakia,1997,2
Slovakia,1998,2
Slovakia,1999,2
Slovakia,2000,2
Slovakia,2001,2
Slovakia,2002,2
Slovakia,2003,2
Slovakia,2004,3
Slovakia,2005,3
Slovakia,2006,3
Slovakia,2007,3
Slovakia,2008,3
Slovakia,2009,3
Slovakia,2010,3
Slovakia,2011,3
Slovakia,2012,4
Slovakia,2013,4
Slovenia,1993,1
Slovenia,1994,1
Slovenia,1995,1
Slovenia,1996,1
Slovenia,1997,1
Slovenia,1998,1
Slovenia,1999,1
Slovenia,2000,1
Slovenia,2001,1
Slovenia,2002,1
Slovenia,2003,1
Slovenia,2004,1
Slovenia,2005,2
Slovenia,2006,2
Slovenia,2007,2
Slovenia,2008,2
Slovenia,2009,2
Slovenia,2010,2
Slovenia,2011,2
Slovenia,2012,2
Slovenia,2013,2
South Africa,1974,1
South Africa,1975,2
South Africa,1976,2
South Africa,1977,2
South Africa,1978,3
South Africa,1979,4
South Africa,1980,4
South Africa,1981,5
South Africa,1982,6
South Africa,1983,7
South Africa,1984,9
South Africa,1985,10
South Africa,1986,11
South Africa,1987,11
South Africa,1988,11
South Africa,1989,11
South Africa,1990,13
South Africa,1991,15
South Africa,1992,15
South Africa,1993,15
South Africa,1994,15
South Africa,1995,15
South Africa,1996,15
South Africa,1997,16
South Africa,1998,16
South Africa,1999,16
South Africa,2000,17
South Africa,2001,17
South Africa,2002,17
South Africa,2003,17
South Africa,2004,17
South Africa,2005,17
South Africa,2006,18
South Africa,2007,19
South Africa,2008,20
South Africa,2009,21
South Africa,2010,21
South Africa,2011,23
South Africa,2012,23
South Africa,2013,23
South Korea,1970,1
South Korea,1971,2
South Korea,1972,2
South Korea,1973,3
South Korea,1974,3
South Korea,1975,3
South Korea,1976,3
South Korea,1977,3
South Korea,1978,4
South Korea,1979,5
South Korea,1980,7
South Korea,1981,7
South Korea,1982,7
South Korea,1983,8
South Korea,1984,9
South Korea,1985,10
South Korea,1986,11
South Korea,1987,12
South Korea,1988,13
South Korea,1989,14
South Korea,1990,15
South Korea,1991,16
South Korea,1992,17
South Korea,1993,19
South Korea,1994,20
South Korea,1995,21
South Korea,1996,22
South Korea,1997,22
South Korea,1998,23
South Korea,1999,23
South Korea,2000,24
South Korea,2001,25
South Korea,2002,25
South Korea,2003,28
South Korea,2004,30
South Korea,2005,33
South Korea,2006,35
South Korea,2007,37
South Korea,2008,39
South Korea,2009,42
South Korea,2010,43
South Korea,2011,45
South Korea,2012,46
South Korea,2013,47
Spain,1979,1
Spain,1980,1
Spain,1981,2
Spain,1982,2
Spain,1983,3
Spain,1984,4
Spain,1985,5
Spain,1986,6
Spain,1987,6
Spain,1988,7
Spain,1989,7
Spain,1990,8
Spain,1991,8
Spain,1992,9
Spain,1993,9
Spain,1994,9
Spain,1995,9
Spain,1996,10
Spain,1997,10
Spain,1998,10
Spain,1999,10
Spain,2000,10
Spain,2001,10
Spain,2002,10
Spain,2003,10
Spain,2004,10
Spain,2005,10
Spain,2006,10
Spain,2007,10
Spain,2008,11
Spain,2009,11
Spain,2010,11
Spain,2011,12
Spain,2012,12
Spain,2013,12
Sri Lanka,1968,1
Sri Lanka,1969,1
Sri Lanka,1970,1
Sri Lanka,1971,1
Sri Lanka,1972,1
Sri Lanka,1973,1
Sri Lanka,1974,1
Sri Lanka,1975,1
Sri Lanka,1976,1
Sri Lanka,1977,2
Sri Lanka,1978,2
Sri Lanka,1979,2
Sri Lanka,1980,2
Sri Lanka,1981,2
Sri Lanka,1982,2
Sri Lanka,1983,2
Sri Lanka,1984,2
Sri Lanka,1985,2
Sri Lanka,1986,2
Sri Lanka,1987,2
Sri Lanka,1988,2
Sri Lanka,1989,2
Sri Lanka,1990,3
Sri Lanka,1991,3
Sri Lanka,1992,3
Sri Lanka,1993,3
Sri Lanka,1994,3
Sri Lanka,1995,3
Sri Lanka,1996,4
Sri Lanka,1997,4
Sri Lanka,1998,4
Sri Lanka,1999,4
Sri Lanka,2000,4
Sri Lanka,2001,4
Sri Lanka,2002,4
Sri Lanka,2003,4
Sri Lanka,2004,4
Sri Lanka,2005,5
Sri Lanka,2006,6
Sri Lanka,2007,6
Sri Lanka,2008,6
Sri Lanka,2009,6
Sri Lanka,2010,6
Sri Lanka,2011,6
Sri Lanka,2012,6
Sri Lanka,2013,6
Sudan,1988,1
Sudan,1989,1
Sudan,1990,1
Sudan,1991,1
Sudan,1992,1
Sudan,1993,1
Sudan,1994,1
Sudan,1995,1
Sudan,1996,1
Sudan,1997,1
Sudan,1998,1
Sudan,1999,1
Sudan,2000,1
Sudan,2001,1
Sudan,2002,1
Sudan,2003,1
Sudan,2004,1
Sudan,2005,1
Sudan,2006,1
Sudan,2007,1
Sudan,2008,1
Sudan,2009,1
Sudan,2010,1
Sudan,2011,1
Sudan,2012,1
Sudan,2013,1
Sweden,1968,1
Sweden,1969,1
Sweden,1970,2
Sweden,1971,2
Sweden,1972,2
Sweden,1973,2
Sweden,1974,2
Sweden,1975,2
Sweden,1976,2
Sweden,1977,2
Sweden,1978,2
Sweden,1979,2
Sweden,1980,3
Sweden,1981,3
Sweden,1982,3
Sweden,1983,3
Sweden,1984,4
Sweden,1985,5
Sweden,1986,5
Sweden,1987,5
Sweden,1988,6
Sweden,1989,6
Sweden,1990,6
Sweden,1991,6
Sweden,1992,6
Sweden,1993,6
Sweden,1994,6
Sweden,1995,6
Sweden,1996,6
Sweden,1997,6
Sweden,1998,6
Sweden,1999,6
Sweden,2000,6
Sweden,2001,6
Sweden,2002,6
Sweden,2003,6
Sweden,2004,6
Sweden,2005,6
Sweden,2006,6
Sweden,2007,6
Sweden,2008,6
Sweden,2009,6
Sweden,2010,6
Sweden,2011,6
Sweden,2012,6
Sweden,2013,6
Switzerland,2009,1
Switzerland,2010,1
Switzerland,2011,1
Switzerland,2012,1
Switzerland,2013,1
Syria,1994,1
Syria,1995,1
Syria,1996,1
Syria,1997,1
Syria,1998,1
Syria,1999,1
Syria,2000,1
Syria,2001,1
Syria,2002,1
Syria,2003,1
Syria,2004,1
Syria,2005,2
Syria,2006,2
Syria,2007,3
Syria,2008,4
Syria,2009,4
Syria,2010,4
Syria,2011,4
Syria,2012,4
Syria,2013,4
Taiwan,1967,1
Taiwan,1968,3
Taiwan,1969,5
Taiwan,1970,7
Taiwan,1971,10
Taiwan,1972,11
Taiwan,1973,12
Taiwan,1974,13
Taiwan,1975,13
Taiwan,1976,13
Taiwan,1977,13
Taiwan,1978,15
Taiwan,1979,16
Taiwan,1980,17
Taiwan,1981,19
Taiwan,1982,20
Taiwan,1983,22
Taiwan,1984,24
Taiwan,1985,26
Taiwan,1986,27
Taiwan,1987,30
Taiwan,1988,32
Taiwan,1989,32
Taiwan,1990,32
Taiwan,1991,32
Taiwan,1992,34
Taiwan,1993,34
Taiwan,1994,34
Taiwan,1995,34
Taiwan,1996,34
Taiwan,1997,35
Taiwan,1998,35
Taiwan,1999,35
Taiwan,2000,35
Taiwan,2001,35
Taiwan,2002,35
Taiwan,2003,35
Taiwan,2004,35
Taiwan,2005,35
Taiwan,2006,35
Taiwan,2007,36
Taiwan,2008,36
Taiwan,2009,36
Taiwan,2010,37
Taiwan,2011,38
Taiwan,2012,39
Taiwan,2013,40
Tanzania,1968,1
Tanzania,1969,1
Tanzania,1970,1
Tanzania,1971,1
Tanzania,1972,1
Tanzania,1973,1
Tanzania,1974,1
Tanzania,1975,1
Tanzania,1976,1
Tanzania,1977,1
Tanzania,1978,1
Tanzania,1979,1
Tanzania,1980,1
Tanzania,1981,1
Tanzania,1982,1
Tanzania,1983,1
Tanzania,1984,1
Tanzania,1985,1
Tanzania,1986,1
Tanzania,1987,1
Tanzania,1988,1
Tanzania,1989,1
Tanzania,1990,1
Tanzania,1991,1
Tanzania,1992,1
Tanzania,1993,1
Tanzania,1994,1
Tanzania,1995,1
Tanzania,1996,1
Tanzania,1997,1
Tanzania,1998,1
Tanzania,1999,1
Tanzania,2000,1
Tanzania,2001,1
Tanzania,2002,1
Tanzania,2003,1
Tanzania,2004,1
Tanzania,2005,1
Tanzania,2006,1
Tanzania,2007,1
Tanzania,2008,1
Tanzania,2009,1
Tanzania,2010,1
Tanzania,2011,1
Tanzania,2012,1
Tanzania,2013,1
Thailand,1978,1
Thailand,1979,1
Thailand,1980,1
Thailand,1981,1
Thailand,1982,1
Thailand,1983,1
Thailand,1984,1
Thailand,1985,1
Thailand,1986,1
Thailand,1987,1
Thailand,1988,2
Thailand,1989,2
Thailand,1990,2
Thailand,1991,2
Thailand,1992,2
Thailand,1993,2
Thailand,1994,2
Thailand,1995,2
Thailand,1996,2
Thailand,1997,2
Thailand,1998,2
Thailand,1999,2
Thailand,2000,2
Thailand,2001,2
Thailand,2002,2
Thailand,2003,2
Thailand,2004,2
Thailand,2005,2
Thailand,2006,2
Thailand,2007,2
Thailand,2008,2
Thailand,2009,2
Thailand,2010,2
Thailand,2011,2
Thailand,2012,2
Thailand,2013,2
Togo,1995,1
Togo,1996,2
Togo,1997,3
Togo,1998,3
Togo,1999,3
Togo,2000,4
Togo,2001,5
Togo,2002,5
Togo,2003,5
Togo,2004,5
Togo,2005,5
Togo,2006,5
Togo,2007,5
Togo,2008,5
Togo,2009,5
Togo,2010,5
Togo,2011,5
Togo,2012,5
Togo,2013,5
Trinidad and Tobago,1980,2
Trinidad and Tobago,1981,2
Trinidad and Tobago,1982,2
Trinidad and Tobago,1983,2
Trinidad and Tobago,1984,3
Trinidad and Tobago,1985,3
Trinidad and Tobago,1986,3
Trinidad and Tobago,1987,4
Trinidad and Tobago,1988,4
Trinidad and Tobago,1989,4
Trinidad and Tobago,1990,4
Trinidad and Tobago,1991,4
Trinidad and Tobago,1992,4
Trinidad and Tobago,1993,4
Trinidad and Tobago,1994,4
Trinidad and Tobago,1995,4
Trinidad and Tobago,1996,4
Trinidad and Tobago,1997,4
Trinidad and Tobago,1998,4
Trinidad and Tobago,1999,4
Trinidad and Tobago,2000,4
Trinidad and Tobago,2001,4
Trinidad and Tobago,2002,4
Trinidad and Tobago,2003,4
Trinidad and Tobago,2004,4
Trinidad and Tobago,2005,4
Trinidad and Tobago,2006,4
Trinidad and Tobago,2007,4
Trinidad and Tobago,2008,4
Trinidad and Tobago,2009,4
Trinidad and Tobago,2010,4
Trinidad and Tobago,2011,4
Trinidad and Tobago,2012,4
Trinidad and Tobago,2013,4
Turkey,1968,1
Turkey,1969,1
Turkey,1970,1
Turkey,1971,1
Turkey,1972,1
Turkey,1973,1
Turkey,1974,1
Turkey,1975,1
Turkey,1976,2
Turkey,1977,2
Turkey,1978,2
Turkey,1979,3
Turkey,1980,4
Turkey,1981,4
Turkey,1982,4
Turkey,1983,5
Turkey,1984,5
Turkey,1985,6
Turkey,1986,6
Turkey,1987,6
Turkey,1988,6
Turkey,1989,6
Turkey,1990,6
Turkey,1991,6
Turkey,1992,6
Turkey,1993,6
Turkey,1994,6
Turkey,1995,6
Turkey,1996,7
Turkey,1997,7
Turkey,1998,7
Turkey,1999,7
Turkey,2000,7
Turkey,2001,7
Turkey,2002,7
Turkey,2003,7
Turkey,2004,8
Turkey,2005,8
Turkey,2006,8
Turkey,2007,8
Turkey,2008,8
Turkey,2009,8
Turkey,2010,8
Turkey,2011,8
Turkey,2012,8
Turkey,2013,8
USSR,1986,1
USSR,1987,2
USSR,1988,3
USSR,1989,4
USSR,1990,6
Uganda,1969,1
Uganda,1970,1
Uganda,1971,1
Uganda,1972,1
Uganda,1973,2
Uganda,1974,2
Uganda,1975,2
Uganda,1976,2
Uganda,1977,3
Uganda,1978,3
Uganda,1979,3
Uganda,1980,3
Uganda,1981,3
Uganda,1982,3
Uganda,1983,3
Uganda,1984,4
Uganda,1985,5
Uganda,1986,6
Uganda,1987,7
Uganda,1988,7
Uganda,1989,7
Uganda,1990,7
Uganda,1991,7
Uganda,1992,7
Uganda,1993,7
Uganda,1994,7
Uganda,1995,7
Uganda,1996,7
Uganda,1997,8
Uganda,1998,8
Uganda,1999,8
Uganda,2000,9
Uganda,2001,9
Uganda,2002,10
Uganda,2003,10
Uganda,2004,10
Uganda,2005,10
Uganda,2006,10
Uganda,2007,10
Uganda,2008,11
Uganda,2009,11
Uganda,2010,11
Uganda,2011,11
Uganda,2012,11
Uganda,2013,12
Ukraine,1993,1
Ukraine,1994,1
Ukraine,1995,1
Ukraine,1996,1
Ukraine,1997,1
Ukraine,1998,1
Ukraine,1999,1
Ukraine,2000,1
Ukraine,2001,1
Ukraine,2002,1
Ukraine,2003,2
Ukraine,2004,2
Ukraine,2005,2
Ukraine,2006,2
Ukraine,2007,2
Ukraine,2008,2
Ukraine,2009,2
Ukraine,2010,2
Ukraine,2011,2
Ukraine,2012,2
Ukraine,2013,2
United Kingdom,1971,1
United Kingdom,1972,2
United Kingdom,1973,3
United Kingdom,1974,3
United Kingdom,1975,4
United Kingdom,1976,4
United Kingdom,1977,4
United Kingdom,1978,4
United Kingdom,1979,4
United Kingdom,1980,4
United Kingdom,1981,4
United Kingdom,1982,5
United Kingdom,1983,5
United Kingdom,1984,5
United Kingdom,1985,5
United Kingdom,1986,5
United Kingdom,1987,5
United Kingdom,1988,5
United Kingdom,1989,5
United Kingdom,1990,5
United Kingdom,1991,5
United Kingdom,1992,5
United Kingdom,1993,6
United Kingdom,1994,6
United Kingdom,1995,6
United Kingdom,1996,6
United Kingdom,1997,7
United Kingdom,1998,7
United Kingdom,1999,7
United Kingdom,2000,7
United Kingdom,2001,8
United Kingdom,2002,9
United Kingdom,2003,10
United Kingdom,2004,10
United Kingdom,2005,10
United Kingdom,2006,11
United Kingdom,2007,11
United Kingdom,2008,11
United Kingdom,2009,12
United Kingdom,2010,13
United Kingdom,2011,15
United Kingdom,2012,15
United Kingdom,2013,15
United States,1968,2
United States,1969,2
United States,1970,3
United States,1971,3
United States,1972,3
United States,1973,3
United States,1974,3
United States,1975,4
United States,1976,4
United States,1977,4
United States,1978,5
United States,1979,5
United States,1980,5
United States,1981,6
United States,1982,6
United States,1983,6
United States,1984,6
United States,1985,6
United States,1986,6
United States,1987,6
United States,1988,6
United States,1989,6
United States,1990,6
United States,1991,7
United States,1992,7
United States,1993,8
United States,1994,8
United States,1995,8
United States,1996,8
United States,1997,8
United States,1998,8
United States,1999,8
United States,2000,8
United States,2001,8
United States,2002,8
United States,2003,8
United States,2004,8
United States,2005,8
United States,2006,8
United States,2007,8
United States,2008,8
United States,2009,8
United States,2010,8
United States,2011,8
United States,2012,8
United States,2013,8
Uruguay,1980,1
Uruguay,1981,2
Uruguay,1982,2
Uruguay,1983,2
Uruguay,1984,2
Uruguay,1985,2
Uruguay,1986,2
Uruguay,1987,2
Uruguay,1988,2
Uruguay,1989,2
Uruguay,1990,2
Uruguay,1991,2
Uruguay,1992,2
Uruguay,1993,2
Uruguay,1994,2
Uruguay,1995,2
Uruguay,1996,2
Uruguay,1997,2
Uruguay,1998,2
Uruguay,1999,2
Uruguay,2000,2
Uruguay,2001,2
Uruguay,2002,2
Uruguay,2003,2
Uruguay,2004,2
Uruguay,2005,2
Uruguay,2006,3
Uruguay,2007,3
Uruguay,2008,3
Uruguay,2009,3
Uruguay,2010,3
Uruguay,2011,3
Uruguay,2012,4
Uruguay,2013,4
Uzbekistan,2004,2
Uzbekistan,2005,2
Uzbekistan,2006,2
Uzbekistan,2007,2
Uzbekistan,2008,2
Uzbekistan,2009,3
Uzbekistan,2010,3
Uzbekistan,2011,3
Uzbekistan,2012,4
Uzbekistan,2013,4
Venezuela,1969,2
Venezuela,1970,2
Venezuela,1971,2
Venezuela,1972,2
Venezuela,1973,2
Venezuela,1974,2
Venezuela,1975,2
Venezuela,1976,2
Venezuela,1977,2
Venezuela,1978,2
Venezuela,1979,2
Venezuela,1980,3
Venezuela,1981,3
Venezuela,1982,3
Venezuela,1983,3
Venezuela,1984,3
Venezuela,1985,3
Venezuela,1986,3
Venezuela,1987,3
Venezuela,1988,3
Venezuela,1989,3
Venezuela,1990,4
Venezuela,1991,4
Venezuela,1992,5
Venezuela,1993,6
Venezuela,1994,6
Venezuela,1995,6
Venezuela,1996,6
Venezuela,1997,6
Venezuela,1998,6
Venezuela,1999,6
Venezuela,2000,6
Venezuela,2001,6
Venezuela,2002,6
Venezuela,2003,6
Venezuela,2004,6
Venezuela,2005,6
Venezuela,2006,6
Venezuela,2007,6
Venezuela,2008,7
Venezuela,2009,8
Venezuela,2010,8
Venezuela,2011,9
Venezuela,2012,10
Venezuela,2013,11
Vietnam,1970,1
Vietnam,1971,1
Vietnam,1972,1
Vietnam,1973,1
Vietnam,1974,1
Vietnam,1975,1
Vietnam,1976,1
Vietnam,1977,1
Vietnam,1978,1
Vietnam,1979,1
Vietnam,1980,1
Vietnam,1981,1
Vietnam,1982,1
Vietnam,1983,1
Vietnam,1984,1
Vietnam,1985,1
Vietnam,1986,1
Vietnam,1987,1
Vietnam,1988,1
Vietnam,1989,1
Vietnam,1990,1
Vietnam,1991,1
Vietnam,1992,1
Vietnam,1993,1
Vietnam,1994,1
Vietnam,1995,1
Vietnam,1996,2
Vietnam,1997,3
Vietnam,1998,3
Vietnam,1999,5
Vietnam,2000,6
Vietnam,2001,7
Vietnam,2002,7
Vietnam,2003,8
Vietnam,2004,8
Vietnam,2005,9
Vietnam,2006,9
Vietnam,2007,9
Vietnam,2008,9
Vietnam,2009,9
Vietnam,2010,9
Vietnam,2011,9
Vietnam,2012,9
Vietnam,2013,9
Yemen,2013,1
Yugoslavia,1968,2
Yugoslavia,1969,3
Yugoslavia,1970,4
Yugoslavia,1971,4
Yugoslavia,1972,5
Yugoslavia,1973,5
Yugoslavia,1974,5
Yugoslavia,1975,6
Yugoslavia,1976,7
Yugoslavia,1977,8
Yugoslavia,1978,8
Yugoslavia,1979,9
Yugoslavia,1980,9
Yugoslavia,1981,9
Yugoslavia,1982,10
Yugoslavia,1983,11
Yugoslavia,1984,12
Yugoslavia,1985,13
Yugoslavia,1986,14
Yugoslavia,1987,14
Yugoslavia,1988,15
Yugoslavia,1989,15
Yugoslavia,1990,15
Yugoslavia,1991,30
Yugoslavia,1992,15
Zambia,1987,1
Zambia,1988,1
Zambia,1989,1
Zambia,1990,1
Zambia,1991,1
Zambia,1992,1
Zambia,1993,1
Zambia,1994,1
Zambia,1995,1
Zambia,1996,1
Zambia,1997,1
Zambia,1998,1
Zambia,1999,1
Zambia,2000,1
Zambia,2001,1
Zambia,2002,2
Zambia,2003,2
Zambia,2004,2
Zambia,2005,2
Zambia,2006,2
Zambia,2007,2
Zambia,2008,2
Zambia,2009,2
Zambia,2010,2
Zambia,2011,2
Zambia,2012,2
Zambia,2013,2
Zimbabwe,1990,1
Zimbabwe,1991,2
Zimbabwe,1992,2
Zimbabwe,1993,3
Zimbabwe,1994,3
Zimbabwe,1995,3
Zimbabwe,1996,3
Zimbabwe,1997,3
Zimbabwe,1998,3
Zimbabwe,1999,3
Zimbabwe,2000,3
Zimbabwe,2001,3
Zimbabwe,2002,4
Zimbabwe,2003,4
Zimbabwe,2004,4
Zimbabwe,2005,4
Zimbabwe,2006,4
Zimbabwe,2007,4
Zimbabwe,2008,4
Zimbabwe,2009,4
Zimbabwe,2010,4
Zimbabwe,2011,4
Zimbabwe,2012,5
Zimbabwe,2013,5
