MACRO_REGION,REGION,COUNTRY,IWP PROGRAM,YEAR,FAMILY NAME,GIVEN NAME
Africa,Western Africa,Ghana,Fall Residency,,ANYIDOHO,Kofi
The Americas,South America,Chile,Fall Residency,,CARRASCO,German
The Americas,South America,Brazil,Fall Residency,,CARVALHO,Bernardo 
The Americas,South America,Argentina,Fall Residency,,CASAS,Fabian 
Europe,Eastern Europe,Moldova,Fall Residency,,GARNET,Vasile 
Europe,Eastern Europe,USSR,Fall Residency,,GOSTEVA,Anastasiya 
Asia,Eastern Asia,South Korea,Fall Residency,,HAN,Kang
Europe,Western Europe,France,Fall Residency,,KOLAKOWSKA,Agnieska
Europe,Eastern Europe,USSR,Fall Residency,,MUKHINA,Olga 
Asia,Western Asia,Turkey,Fall Residency,,SAYRON,Erendiz Atasu 
Asia,Western Asia,Israel,Fall Residency,,SHUKAIR,Mahmoud
Europe,Northern Europe,Lithuania,Fall Residency,,SUČYLAITĖ,Jūratė 
Asia,South-eastern Asia,Burma/Myanmar,Fall Residency,,U PE MYINT,U Pe Myint
Africa,Eastern Africa,Uganda,Fall Residency,,WANGUSA,Ayeta Anne 
Europe,Western Europe,Switzerland,Fall Residency,,ZOPFI,Emil 
Europe,Eastern Europe,Poland,Fall Residency,1966,ELEKTOROWICZ,Leszek 
Asia,Eastern Asia,Japan,Fall Residency,1966,KURAHASHI,Yumiko 
Asia,South-eastern Asia,Philippines,Fall Residency,1967,AFABLE,Fernando  
Europe,Western Europe,Germany,Fall Residency,1967,BUCH,Hans Christoph  
Asia,Eastern Asia,Hong Kong,Fall Residency,1967,DAI,Shing Yee
Asia,South-central Asia,India,Fall Residency,1967,GHOSH,Sankha
Europe,Western Europe,France,Fall Residency,1967,NICOLE,Eugene
Asia,South-eastern Asia,Philippines,Fall Residency,1967,NOLLEDO,Wilfrido  D. 
Asia,Eastern Asia,Japan,Fall Residency,1967,RYUICHI,Tamura 
Asia,South-central Asia,Iran,Fall Residency,1967,SAFFARZADEH,Tahereh 
Africa,Western Africa,Liberia,Fall Residency,1967,SANKAWULO,Wilton 
Asia,Eastern Asia,Japan,Fall Residency,1967,TAUCHI,Hatsuyoshi   
Asia,Eastern Asia,Taiwan,Fall Residency,1967,WANG,Ching-Lin 
Asia,South-eastern Asia,Singapore,Fall Residency,1967,WONG,May 
Africa,Eastern Africa,Ethiopia,Fall Residency,1967,WORKU,Daniachew
The Americas,South America,Argentina,Fall Residency,1967,CRANWELL,Elizabeth Azcona   
The Americas,South America,Argentina,Fall Residency,1968,CRANWELL,Elizabeth Azcona   
Asia,Eastern Asia,Japan,Fall Residency,1967,YUMIKO,Tsumura  
Asia,Eastern Asia,Japan,Fall Residency,1968,YUMIKO,Tsumura  
Europe,Eastern Europe,Poland,Fall Residency,1967,BIENKOWSKI,Zbiegniew 
Europe,Eastern Europe,Poland,Fall Residency,1968,BIENKOWSKI,Zbiegniew 
Europe,Eastern Europe,Poland,Fall Residency,1969,BIENKOWSKI,Zbiegniew 
Asia,South-eastern Asia,Cambodia,Fall Residency,1967,OEUR,U. Sam 
Asia,South-eastern Asia,Cambodia,Fall Residency,1992,OEUR,U. Sam 
The Americas,South America,Colombia,Fall Residency,1968,ARBELÁEZ,Fernando
Asia,South-eastern Asia,Philippines,Fall Residency,1968,BAUTISTA,Cirilo F.  
Europe,Western Europe,Belgium,Fall Residency,1968,DE VREE,Freddy 
Asia,Western Asia,Turkey,Fall Residency,1968,ERDURAN,Refik 
The Americas,North America,United States,Fall Residency,1968,EVANS,"Emmery, Jr. "
Europe,Southern Europe,Portugal,Fall Residency,1968,FARIA,Benigno Almeida  
Europe,Western Europe,France,Fall Residency,1968,FESSAGUET,Claude
Asia,South-eastern Asia,Philippines,Fall Residency,1968,GO,Mary Ching  
Europe,Northern Europe,Sweden,Fall Residency,1968,HARDING,Gunnar   
Europe,Eastern Europe,Romania,Fall Residency,1968,IVASIUC,Alexandru 
The Americas,Central America,Panama,Fall Residency,1968,JARAMILLO-LEVI,Enrique 
Europe,Southern Europe,Yugoslavia,Fall Residency,1968,MAJDAK,Zvonimir  
Europe,Southern Europe,Yugoslavia,Fall Residency,1968,OGEN,Mart   
The Americas,North America,United States,Fall Residency,1968,ORTIZ,Simón J.   
Africa,Eastern Africa,Tanzania,Fall Residency,1968,PALANGYO,Peter K. 
The Americas,South America,Chile,Fall Residency,1968,PALAZUELOS,Juan-Agustin
The Americas,Central America,Mexico,Fall Residency,1968,SAINZ,Gustavo Sainz  
The Americas,South America,Brazil,Fall Residency,1968,SANT'ANNA,Affonso Romano De
Europe,Northern Europe,Ireland,Fall Residency,1968,SMITH,Sydney Bernard
Asia,South-central Asia,Sri Lanka,Fall Residency,1968,SURAWEERA,Victor  
Europe,Eastern Europe,Poland,Fall Residency,1968,SZCZEPANSKI,Jan Jozef  
The Americas,South America,Argentina,Fall Residency,1968,TASCA,Susana  
The Americas,South America,Argentina,Fall Residency,1968,VEIRAVÉ,Alfredo  
The Americas,South America,Brazil,Fall Residency,1968,VILELA,Luiz   
Asia,Eastern Asia,Hong Kong,Fall Residency,1968,WAN,Kin-Lau
Asia,Eastern Asia,Taiwan,Fall Residency,1968,YANG,Robert
Asia,Western Asia,Israel,Fall Residency,1968,YEHOSHUA,Avraham B.
Asia,Eastern Asia,Taiwan,Fall Residency,1968,CHENG,Wen-Tao
Asia,Eastern Asia,Taiwan,Fall Residency,1969,CHENG,Wen-Tao
Asia,Eastern Asia,Taiwan,Fall Residency,1971,CHENG,Wen-Tao
The Americas,South America,Chile,Fall Residency,1968,DONOSO,José   
The Americas,South America,Chile,Fall Residency,1991,DONOSO,José   
The Americas,South America,Brazil,Fall Residency,1969,BELL,Lindolf 
Europe,Western Europe,Germany,Fall Residency,1969,BORN,Nicolas
Asia,South-eastern Asia,Philippines,Fall Residency,1969,CASTILLO,Erwin  
The Americas,South America,Brazil,Fall Residency,1969,CHAGAS,Luis Carlos Dolabela  
The Americas,South America,Chile,Fall Residency,1969,CORTINEZ,Carlos  
The Americas,South America,Venezuela,Fall Residency,1969,MADRID,Antonieta Arietti  
Asia,Eastern Asia,Japan,Fall Residency,1969,MIYAMOTO,Yokichi 
The Americas,Central America,Costa Rica,Fall Residency,1969,NARANJO,Carmen
Europe,Southern Europe,Yugoslavia,Fall Residency,1969,OLUJC,Grozdana 
Africa,Eastern Africa,Uganda,Fall Residency,1969,P'BITEK,Okot 
The Americas,South America,Venezuela,Fall Residency,1969,SÁNCHEZ PELÁEZ,Juan 
Asia,Western Asia,Israel,Fall Residency,1969,SENED,Alexander 
Europe,Eastern Europe,Poland,Fall Residency,1969,STRYJKOWSKI,Julian   
The Americas,South America,Argentina,Fall Residency,1969,VALENZUELA,Luisa  
The Americas,Central America,Mexico,Fall Residency,1969,DEL PASO,Fernando 
The Americas,Central America,Mexico,Fall Residency,1970,DEL PASO,Fernando 
Europe,Western Europe,France,Fall Residency,1969,DELAHAYE,Alain
Europe,Western Europe,France,Fall Residency,1970,DELAHAYE,Alain
Asia,Eastern Asia,Taiwan,Fall Residency,1969,LO,Yen 
Asia,Eastern Asia,Taiwan,Fall Residency,1970,LO,Yen 
Asia,Eastern Asia,Taiwan,Fall Residency,1971,LO,Yen 
The Americas,South America,Peru,Fall Residency,1969,BELLI,Carlos Germán  
The Americas,South America,Peru,Fall Residency,1977,BELLI,Carlos Germán  
Asia,Eastern Asia,Japan,Fall Residency,1969,ODA,Motoi
Asia,Eastern Asia,Japan,Fall Residency,1984,ODA,Motoi
Africa,Western Africa,Ghana,Fall Residency,1970,ABRUQUAH,Joseph W.
Europe,Eastern Europe,Hungary,Fall Residency,1970,BÁTKI,John 
Europe,Northern Europe,Sweden,Fall Residency,1970,BECKMAN,Erik  
Europe,Eastern Europe,Poland,Fall Residency,1970,BRYLL,Ernest  
Europe,Eastern Europe,Romania,Fall Residency,1970,BUZEA,Constanta 
Asia,Western Asia,Israel,Fall Residency,1970,DOR,Moshe
Asia,South-eastern Asia,Philippines,Fall Residency,1970,GUILLERMO,"Gelacio Y., Jr.  "
Asia,Eastern Asia,South Korea,Fall Residency,1970,HWANG,Tong-Gyu
Asia,Eastern Asia,Japan,Fall Residency,1970,KAWACHI,Kaco
The Americas,North America,United States,Fall Residency,1970,KIZILOS,Apostolos  
Asia,Eastern Asia,Hong Kong,Fall Residency,1970,KOO,Siu-Sun
Europe,Southern Europe,Yugoslavia,Fall Residency,1970,KOZAK,Primoz 
Asia,South-eastern Asia,Vietnam,Fall Residency,1970,LAN THI NHAN,Nguyen 
The Americas,South America,Argentina,Fall Residency,1970,LIBERTELLA,Héctor 
Asia,Eastern Asia,Taiwan,Fall Residency,1970,LIN,Hwai-Min
Europe,Eastern Europe,Czechoslovakia,Fall Residency,1970,LUSTIG,Arnost
The Americas,South America,Chile,Fall Residency,1970,MORAND,Carlos  
Europe,Eastern Europe,Romania,Fall Residency,1970,MUNTEANU,Aurel Dragos 
Europe,Eastern Europe,Poland,Fall Residency,1970,NOWAKOWSKI,Marek 
Europe,Eastern Europe,Romania,Fall Residency,1970,PAUNESCU,Adrian 
Asia,South-eastern Asia,Indonesia,Fall Residency,1970,POYK,Gerson
The Americas,South America,Brazil,Fall Residency,1970,SANT' ANNA,Sergio
Asia,South-eastern Asia,Indonesia,Fall Residency,1970,SIREGAR,Sori
The Americas,South America,Colombia,Fall Residency,1970,SUESCUN,Nicolás
Europe,Eastern Europe,Hungary,Fall Residency,1970,SZÁSZ,Imre
Asia,South-central Asia,India,Fall Residency,1970,VARMA,Shrikant
Asia,South-central Asia,India,Fall Residency,1979,VARMA,Shrikant
Europe,Eastern Europe,Poland,Fall Residency,1970,GLOWACKI,Janusz   
Europe,Eastern Europe,Poland,Fall Residency,1982,GLOWACKI,Janusz   
Europe,Eastern Europe,Poland,Fall Residency,1987,GLOWACKI,Janusz   
Europe,Eastern Europe,Poland,Fall Residency,1986,HARTWIG,Julia 
Europe,Eastern Europe,Poland,Fall Residency,1970,HARTWIG,Julia 
Europe,Eastern Europe,Poland,Fall Residency,1986,MIEDZYRZECKI,Artur  
Europe,Eastern Europe,Poland,Fall Residency,1970,MIEDZYRZECKI,Artur  
Africa,Western Africa,Nigeria,Fall Residency,1971,AWODOYE,Daniel 
Europe,Eastern Europe,Romania,Fall Residency,1971,BANULESCU,Stefan  
Asia,Western Asia,Israel,Fall Residency,1971,ELDAN,Anadad
The Americas,South America,Argentina,Fall Residency,1971,FUTORANSKY,Luisa   
The Americas,South America,Chile,Fall Residency,1971,HAHN,Oscar 
Europe,Eastern Europe,Hungary,Fall Residency,1971,KARINTHY,Ferenc
Europe,Northern Europe,United Kingdom,Fall Residency,1971,MACGREGOR-HASTIE,Roy
Asia,South-central Asia,India,Fall Residency,1971,MEHROTRA,Arvind Krishna
The Americas,South America,Brazil,Fall Residency,1971,NAUD,Jose Santiago 
Asia,Eastern Asia,Japan,Fall Residency,1971,OSADA,Hiroshi 
Europe,Southern Europe,Slovenia,Fall Residency,1971,SALAMUN,Tomaz  
Europe,Eastern Europe,Poland,Fall Residency,1971,SKWARNICKI,Marek 
Europe,Eastern Europe,Romania,Fall Residency,1971,SORESCU *,Marin 
Asia,Eastern Asia,South Korea,Fall Residency,1971,SUNG,Chan-Kyung
Asia,Eastern Asia,Taiwan,Fall Residency,1971,YAO,Kung-Wei
Asia,Eastern Asia,Japan,Fall Residency,1971,YOSHIMASU,Gozo 
Asia,Eastern Asia,Japan,Fall Residency,1978,YOSHIMASU,Gozo 
Asia,Eastern Asia,Japan,Fall Residency,1987,YOSHIMASU,Gozo 
Asia,Eastern Asia,Japan,Fall Residency,2004,YOSHIMASU,Gozo 
Asia,South-eastern Asia,Indonesia,Fall Residency,1991,ISMAIL,Taufiq
Asia,South-eastern Asia,Indonesia,Fall Residency,1971,ISMAIL,Taufiq
Europe,Eastern Europe,Romania,Fall Residency,1972,BALTAG,Cezar   
Africa,Eastern Africa,Ethiopia,Fall Residency,1972,DERESSA,Solomon
Europe,Southern Europe,Yugoslavia,Fall Residency,1972,GJUZEL,Bogomil  
Asia,South-eastern Asia,Indonesia,Fall Residency,1972,HURIP,Satyagraha
Asia,Eastern Asia,Japan,Fall Residency,1972,KIJIMA,Hajime
Europe,Eastern Europe,Poland,Fall Residency,1972,KIJOWSKI,Andrzej 
Europe,Eastern Europe,Romania,Fall Residency,1972,LATZINA,Anemone  
Europe,Western Europe,Netherlands,Fall Residency,1972,LÓPEZ,Esteban  
Asia,South-eastern Asia,Indonesia,Fall Residency,1972,NOER,Arifin 
Europe,Eastern Europe,Hungary,Fall Residency,1972,ORAVECZ,Imre 
Europe,Eastern Europe,Poland,Fall Residency,1972,PROKOP,Jan 
The Americas,South America,Brazil,Fall Residency,1972,RIBEIRO,Jõao Ubaldo
Europe,Eastern Europe,Hungary,Fall Residency,1972,SZABÓ,Magda
Europe,Eastern Europe,Romania,Fall Residency,1972,SZÁSZ,János  
Europe,Southern Europe,Greece,Fall Residency,1972,TAKTSIS,Costas
Asia,Eastern Asia,Taiwan,Fall Residency,1972,WANG,Timothy Tsen-Ho
Europe,Northern Europe,United Kingdom,Fall Residency,1972,WEISSBORT,Daniel
Africa,Western Africa,Nigeria,Fall Residency,1972,WONODI,Chief Okogbule  
The Americas,South America,Argentina,Fall Residency,1973,BECKFORD,Ricardo Rey  
The Americas,South America,Argentina,Fall Residency,1972,BECKFORD,Ricardo Rey  
Africa,Western Africa,Nigeria,Fall Residency,1973,AMADI,Elechi  
Europe,Southern Europe,Greece,Fall Residency,1973,AMPATZOGLOU,Petros
Asia,South-central Asia,India,Fall Residency,1973,ASHOKAMITRAN,J. Thyagarajan
Europe,Eastern Europe,Romania,Fall Residency,1973,BLANDIANA,Ana 
Europe,Eastern Europe,Poland,Fall Residency,1973,BRAUN,Andrzej  
The Americas,South America,Peru,Fall Residency,1973,BRAVO,José Antonio  
Asia,Eastern Asia,Hong Kong,Fall Residency,1973,CHEUNG,Dominic
Asia,Eastern Asia,South Korea,Fall Residency,1973,CHOE,In-Hoon 
The Americas,South America,Brazil,Fall Residency,1973,COSTA,Flavio Moreira
The Americas,South America,Chile,Fall Residency,1973,DOMINGUEZ,Luis  
Europe,Eastern Europe,Hungary,Fall Residency,1973,GERGELY,Ágnes
Africa,Eastern Africa,Ethiopia,Fall Residency,1973,GUBEGNA,Abbie 
Asia,South-eastern Asia,Indonesia,Fall Residency,1973,HADI,Abdul 
Europe,Northern Europe,United Kingdom,Fall Residency,1973,HOWELL,Anthony
Europe,Eastern Europe,Poland,Fall Residency,1973,KARPOWICZ,Tymoteusz  
Europe,Eastern Europe,Poland,Fall Residency,1973,LAPINSKI,Zdzislaw   
Asia,South-eastern Asia,Philippines,Fall Residency,1973,MORENO,Virginia R.  
Africa,Eastern Africa,Uganda,Fall Residency,1973,NAZARETH,Peter   
Europe,Eastern Europe,Romania,Fall Residency,1973,POPESCU,Petru  
The Americas,South America,Argentina,Fall Residency,1973,RAWSON,Alicia Dellapiane  
Europe,Eastern Europe,Romania,Fall Residency,1973,RUSAN,Romulus  
Asia,Eastern Asia,Japan,Fall Residency,1973,SHIRAISHI,Kazuko  
The Americas,South America,Ecuador,Fall Residency,1973,VANEGAS,Teodoro  
The Americas,South America,Brazil,Fall Residency,1973,VENTURA,Adao   
Asia,Eastern Asia,Taiwan,Fall Residency,1973,YU,Tien-T'Sung
Europe,Southern Europe,Greece,Fall Residency,1974,ANGELAKE-ROUK,Katerina
Asia,South-eastern Asia,Indonesia,Fall Residency,1974,BACHRI,Sutardji Calzoum 
Asia,South-central Asia,Iran,Fall Residency,1974,BARAHENI,Reza  
The Americas,South America,Chile,Fall Residency,1974,CORREA,Hugo 
Africa,Western Africa,Nigeria,Fall Residency,1974,EKWENSI,Cyprian  
The Americas,Central America,Honduras,Fall Residency,1974,ESCOTO,Julio
The Americas,South America,Colombia,Fall Residency,1974,GONZALEZ,Alejandro 
The Americas,Caribbean,Barbados,Fall Residency,1974,HINKSON,Anthony   
Asia,Eastern Asia,Taiwan,Fall Residency,1974,HU,Mei-Tze
Asia,South-eastern Asia,Malaysia,Fall Residency,1974,IBRAHIM,Abdul Ghafar
Asia,Western Asia,Israel,Fall Residency,1974,KHATIB,Samira
The Americas,South America,Brazil,Fall Residency,1974,MOISES,Carlos Felipe 
Africa,Southern Africa,South Africa,Fall Residency,1974,MTSHALI,Oswald  
Africa,Western Africa,Nigeria,Fall Residency,1974,OMOTOSO,Kole   
Europe,Eastern Europe,Poland,Fall Residency,1974,PRZEZDZIECKI,Jerzy 
The Americas,Central America,Panama,Fall Residency,1974,SÁNCHEZ,Guillermo 
Europe,Eastern Europe,Poland,Fall Residency,1974,SPRUSINSKI,Michal 
Asia,Eastern Asia,Hong Kong,Fall Residency,1974,YUEN,Stewart
The Americas,South America,Argentina,Fall Residency,1975,BLASI,Alberto O.  
The Americas,South America,Argentina,Fall Residency,1974,BLASI,Alberto O.  
Asia,South-eastern Asia,Indonesia,Fall Residency,1974,WIDJAYA,Putu 
Asia,South-eastern Asia,Indonesia,Fall Residency,1976,WIDJAYA,Putu 
Asia,South-central Asia,India,Fall Residency,1974,MURTHY,U.R. Anantha
Asia,South-central Asia,India,Fall Residency,1986,MURTHY,U.R. Anantha
Asia,South-eastern Asia,Indonesia,Fall Residency,1975,AKHUDIAT, 
Asia,Eastern Asia,Japan,Fall Residency,1975,ATSUMI,Ikuko
Europe,Eastern Europe,Bulgaria,Fall Residency,1975,BOZHILOV,Bozhidar 
Asia,South-central Asia,India,Fall Residency,1975,CHITRE,Dilip
Africa,Southern Africa,South Africa,Fall Residency,1975,CLARKE,Peter   
Europe,Eastern Europe,Hungary,Fall Residency,1975,CSAPLÁR,Vilmos
Europe,Southern Europe,Greece,Fall Residency,1975,DENEGRIS,Anastassios G.
The Americas,Central America,Costa Rica,Fall Residency,1975,HURTADO,Gerardo César
Europe,Southern Europe,Yugoslavia,Fall Residency,1975,IMAMOVIC,Ahmed Muhamed 
The Americas,North America,United States,Fall Residency,1975,IRAMAIN,Leonardo  
Europe,Western Europe,France,Fall Residency,1975,KEINEG,Paol 
Europe,Eastern Europe,Poland,Fall Residency,1975,KUBIAK,Zygmunt 
Europe,Eastern Europe,Poland,Fall Residency,1975,LIPSKA,Ewa  
Africa,Eastern Africa,Kenya,Fall Residency,1975,MWANGI,Meja  
The Americas,Central America,Mexico,Fall Residency,1975,OJEDA,Jorge Arturo  
Europe,Western Europe,Germany,Fall Residency,1975,POSS,Alf 
The Americas,South America,Brazil,Fall Residency,1975,REIS,Roberto 
The Americas,South America,Argentina,Fall Residency,1975,IRAMAIN,Leonardo  
The Americas,South America,Argentina,Fall Residency,1978,IRAMAIN,Leonardo  
Europe,Northern Europe,United Kingdom,Fall Residency,1975,JAY,Peter
Europe,Northern Europe,United Kingdom,Fall Residency,1982,JAY,Peter
Asia,South-eastern Asia,Indonesia,Fall Residency,1976,AGUSTA,Leon 
Asia,South-central Asia,Bangladesh,Fall Residency,1976,AHMED-UD-DIN ,Feroz 
Oceania,Oceania,Papua New Guinea,Fall Residency,1976,CHAKRAVARTHY,Prithvindra
Asia,South-eastern Asia,Indonesia,Fall Residency,1976,DANARTO,
Africa,Western Africa,Nigeria,Fall Residency,1976,EGBUNA,Obi  
Asia,Western Asia,Turkey,Fall Residency,1976,ERAY,Nazli B.  
Asia,Eastern Asia,Hong Kong,Fall Residency,1976,HO,Ta
The Americas,Central America,Mexico,Fall Residency,1976,IBARGUENGOITIA,Jorge 
Europe,Northern Europe,Iceland,Fall Residency,1976,MAGNUSSON,Sigurdur A. 
Asia,South-central Asia,India,Fall Residency,1976,MAHAPATRA,Jayanta
Europe,Eastern Europe,Hungary,Fall Residency,1976,ORBÁN,Ottó 
Europe,Southern Europe,Yugoslavia,Fall Residency,1976,PREDIC,Vladimir V.  
The Americas,South America,Peru,Fall Residency,1976,RIVERA,Jorge Edgardo  
The Americas,South America,Colombia,Fall Residency,1976,RUÍZ,Darío Gómez
Europe,Eastern Europe,Poland,Fall Residency,1976,SADKOWSKI,Waclaw  
Asia,Eastern Asia,Japan,Fall Residency,1976,SAKAGAMI,Hiroshi 
Africa,Northern Africa,Egypt,Fall Residency,1976,SHALASH,Ali
Europe,Southern Europe,Greece,Fall Residency,1976,VALTINOS,Thanassis
Europe,Western Europe,Germany,Fall Residency,1976,VIEBAHN,Fred 
The Americas,South America,Argentina,Fall Residency,1976,VILLORDO,Oscar Hermes   
The Americas,Central America,Mexico,Fall Residency,1977,AGUSTÍN RAMÍREZ,José 
Asia,Western Asia,Palestinian Territories,Fall Residency,1977,AQEL,Abdul Latif  
Asia,South-eastern Asia,Philippines,Fall Residency,1977,AVENA,Mauro  
Africa,Northern Africa,Egypt,Fall Residency,1977,BADAWI,Mohamed Fouad  
Europe,Eastern Europe,Romania,Fall Residency,1977,BREBAN,Nicolae 
Europe,Southern Europe,Yugoslavia,Fall Residency,1977,DIMIC,Momcilo   
Asia,South-eastern Asia,Indonesia,Fall Residency,1977,HADI,Wisran 
Africa,Southern Africa,Botswana,Fall Residency,1977,HEAD,Bessie 
Africa,Eastern Africa,Uganda,Fall Residency,1977,IMBUYA,Henry 
Asia,South-central Asia,Afghanistan,Fall Residency,1977,JONAID ,Lutfurahman   
Asia,South-central Asia,India,Fall Residency,1977,JUSSAWALLA,Adil
Oceania,Oceania,Papua New Guinea,Fall Residency,1977,LAHUI,Jack  
Asia,South-central Asia,Sri Lanka,Fall Residency,1977,PATHY,Kailasa
Europe,Eastern Europe,Romania,Fall Residency,1977,RAU,Aurel  
Asia,South-eastern Asia,Philippines,Fall Residency,1977,ROSCA,Ninotchka  
Asia,South-eastern Asia,Indonesia,Fall Residency,1977,SRIWIDODO,Rayani
Europe,Northern Europe,Denmark,Fall Residency,1977,STORM,Jannick 
Europe,Eastern Europe,Hungary,Fall Residency,1977,SÜKÖSD,Mihály
Asia,Western Asia,Israel,Fall Residency,1977,TELPAZ,Gideon 
Asia,South-central Asia,India,Fall Residency,1977,VERMA,Nirmal
Asia,South-eastern Asia,Malaysia,Fall Residency,1977,WAHAB,Abdul  
Asia,Eastern Asia,Hong Kong,Fall Residency,1977,WONG,Sum-Chuen
Asia,South-eastern Asia,Singapore,Fall Residency,1986,THUMBOO,Edwin   
Asia,South-eastern Asia,Singapore,Fall Residency,1977,THUMBOO,Edwin   
The Americas,South America,Argentina,Fall Residency,1977,ESTEVE,Patricio   
The Americas,South America,Argentina,Fall Residency,1987,ESTEVE,Patricio   
Africa,Middle Africa,Cameroon,Fall Residency,1978,ALIMA,Ernest 
The Americas,South America,Peru,Fall Residency,1978,CATERIANO,Pedro  
Asia,Eastern Asia,Hong Kong,Fall Residency,1978,CHAN,Huen-Man
Asia,Eastern Asia,Taiwan,Fall Residency,1978,CHEN,Shun-Sian (Tung Nien)
Asia,Eastern Asia,Taiwan,Fall Residency,1978,CHIN,Sung
The Americas,South America,Brazil,Fall Residency,1978,COUTINHO,J. Edilberto 
Europe,Western Europe,France,Fall Residency,1978,DENIS,Philippe
Asia,South-central Asia,Iran,Fall Residency,1978,GOLSHIRI,Houshang 
Europe,Western Europe,Germany,Fall Residency,1978,HERMS,Uwe
Europe,Eastern Europe,Poland,Fall Residency,1978,JECZMYK,Lech 
Europe,Eastern Europe,Bulgaria,Fall Residency,1978,KEHLIBAREVA,Nadia  
Asia,Western Asia,Palestinian Territories,Fall Residency,1978,KHALIFEH,Sahar  
Asia,Eastern Asia,South Korea,Fall Residency,1978,KIM,Yoon-Shik
Africa,Southern Africa,Botswana,Fall Residency,1978,MALIKONGWA,Albert   
Europe,Northern Europe,Ireland,Fall Residency,1978,MCCARTHY,Thomas
Europe,Southern Europe,Greece,Fall Residency,1978,NOLLAS,Dimitri
Africa,Western Africa,Ghana,Fall Residency,1978,OKAI,Atukwei
Europe,Western Europe,Germany,Fall Residency,1978,PANITZ,Eberhard  
Asia,South-central Asia,India,Fall Residency,1978,PARTHASARATHY,Rajagopal
The Americas,South America,Argentina,Fall Residency,1978,REAL,Juan Carlos Real *
Asia,South-eastern Asia,Indonesia,Fall Residency,1978,RIANTIARNO,N.
Europe,Eastern Europe,Poland,Fall Residency,1978,SZYPULSKI,Andrzej  
Africa,Southern Africa,South Africa,Fall Residency,1978,TLALI,Miriam  
Europe,Eastern Europe,Romania,Fall Residency,1978,TOIU,Constantin 
Europe,Eastern Europe,Hungary,Fall Residency,1978,TORNAI,József 
Asia,South-eastern Asia,Thailand,Fall Residency,1978,UMAVIJANI,Montri  
Europe,Western Europe,Netherlands,Fall Residency,1978,VERHAGEN,Hans 
Asia,South-eastern Asia,Singapore,Fall Residency,1978,YEO,Robert
Asia,Eastern Asia,Japan,Fall Residency,1978,YOSHIHARA,Sachiko  
Asia,South-eastern Asia,Philippines,Fall Residency,1978,YUSON,Alfred   
Asia,South-eastern Asia,Indonesia,Fall Residency,1979,ATMOWILOTO,Arswendo
Asia,Eastern Asia,China,Fall Residency,1979,BI,Shuowang
Africa,Northern Africa,Egypt,Fall Residency,1979,BISHAI,Nadia 
Europe,Northern Europe,Ireland,Fall Residency,1979,BOLAND,Eavan
Europe,Northern Europe,Ireland,Fall Residency,1979,CASEY,Kevin 
Asia,Eastern Asia,Hong Kong,Fall Residency,1979,CHAN,Joyce
Africa,Western Africa,Liberia,Fall Residency,1979,CORDOR,Henry 
Africa,Southern Africa,South Africa,Fall Residency,1979,DIKE,Fatima   
Asia,Western Asia,Turkey,Fall Residency,1979,ERBIL,Leyla  
Europe,Eastern Europe,Hungary,Fall Residency,1979,HARASZTI,Miklós 
Europe,Southern Europe,Greece,Fall Residency,1979,HIONIS,Argyris 
Asia,South-central Asia,India,Fall Residency,1979,HYDER,Qurratulain
Europe,Southern Europe,Yugoslavia,Fall Residency,1979,JOVANOVSKI,Meto
Asia,Eastern Asia,Taiwan,Fall Residency,1979,KAO,Chun
Europe,Western Europe,Germany,Fall Residency,1979,KOHLHAASE,Wolfgang
Asia,South-eastern Asia,Philippines,Fall Residency,1979,LACABA,Jose F.  
Europe,Eastern Europe,Hungary,Fall Residency,1979,LENGYEL,Balázs
The Americas,South America,Brazil,Fall Residency,1979,MARTINS,Julio Cesar Monteiro
The Americas,South America,Colombia,Fall Residency,1979,MATTEI,Olga Elena 
Asia,South-eastern Asia,Indonesia,Fall Residency,1979,NADJIRA,Frans
Europe,Eastern Europe,Hungary,Fall Residency,1979,NAGY ,Agnes Nemes
Europe,Eastern Europe,Bulgaria,Fall Residency,1979,NIKOLOV,Nino 
The Americas,South America,Colombia,Fall Residency,1979,OCAMPO,Alfred Zamorano
Asia,Western Asia,Israel,Fall Residency,1979,ORPAZ,Yitzhak 
The Americas,South America,Argentina,Fall Residency,1979,RABANAL,Rodolfo 
Europe,Eastern Europe,Poland,Fall Residency,1979,RONIKIER,Michal 
Europe,Southern Europe,Italy,Fall Residency,1979,ROSSELLI,Aldo 
Europe,Southern Europe,Spain,Fall Residency,1979,SÁNCHEZ,Germán Espeso
Asia,Eastern Asia,Japan,Fall Residency,1979,SANO,Tetsuo 
Europe,Western Europe,Netherlands,Fall Residency,1979,SCHIERBEEK,Bert 
Asia,Eastern Asia,South Korea,Fall Residency,1979,SHIN,Tae-Ch'Ol 
Asia,South-eastern Asia,Singapore,Fall Residency,1979,WONG,Meng Voon 
Asia,Eastern Asia,China,Fall Residency,1979,XIAO,Qian
Africa,Northern Africa,Egypt,Fall Residency,1980,ABU SENNA,Mohamed Ibrahim
Europe,Northern Europe,Sweden,Fall Residency,1980,ÅKERLUND,Eric  
Europe,Eastern Europe,Romania,Fall Residency,1980,BALAITA,George   
Europe,Northern Europe,Ireland,Fall Residency,1980,BANVILLE,John 
Europe,Eastern Europe,Hungary,Fall Residency,1980,BART,István
Asia,Eastern Asia,Japan,Fall Residency,1980,BEN SHOZU,Tsutomu Nakamura 
Asia,Eastern Asia,South Korea,Fall Residency,1980,CHONG,Hyon-Jong
Asia,South-eastern Asia,Indonesia,Fall Residency,1980,ECIP,S. Sinanasari 
The Americas,South America,Uruguay,Fall Residency,1980,ESPINA-VILLAFAN,Eduardo 
Europe,Western Europe,France,Fall Residency,1980,HOCQUARD,Emmanuel
Asia,Western Asia,Israel,Fall Residency,1980,KAHANA-CARMON,Amalia
Europe,Western Europe,Netherlands,Fall Residency,1980,KUYPER,Sjoerd 
Europe,Northern Europe,Finland,Fall Residency,1980,LAINE,Jarkko 
The Americas,Caribbean,Trinidad,Fall Residency,1980,LOVELACE,Earl  
Europe,Western Europe,Belgium,Fall Residency,1980,NOLENS,Leonard 
Asia,Eastern Asia,Japan,Fall Residency,1980,OHBA,Minako 
Asia,Eastern Asia,South Korea,Fall Residency,1980,PARK,Hijin
Asia,Eastern Asia,China,Fall Residency,1980,QING,Ai Qing
Asia,Western Asia,Israel,Fall Residency,1980,REUVENY,Yotam
The Americas,South America,Venezuela,Fall Residency,1980,RODRÍGUEZ,Mariela Arvelo De 
Africa,Western Africa,Nigeria,Fall Residency,1980,ROTIMI,Ola  
The Americas,South America,Brazil,Fall Residency,1980,SANTOS,Liane 
The Americas,Caribbean,Trinidad,Fall Residency,1980,SELVON,Sam  
Asia,South-central Asia,India,Fall Residency,1980,SIRAJ,Syed Mustafa 
Europe,Eastern Europe,Bulgaria,Fall Residency,1980,STEFANOVA,Lilyana
Asia,South-eastern Asia,Indonesia,Fall Residency,1980,TJITRAWASITA,Totilawati 
Asia,Western Asia,Turkey,Fall Residency,1980,TURAN,Güven 
The Americas,South America,Argentina,Fall Residency,1980,VANESCO,Alberto  
The Americas,Central America,Mexico,Fall Residency,1980,VARGAS ESCALANTE,Rafael 
Asia,Eastern Asia,China,Fall Residency,1980,WANG,Meng
Africa,Western Africa,Nigeria,Fall Residency,1980,WILLIAMS,Lari 
Asia,Eastern Asia,Taiwan,Fall Residency,1980,WU,Cheng
Asia,Eastern Asia,Hong Kong,Fall Residency,1980,YEE,Lee
The Americas,South America,Uruguay,Fall Residency,1981,ARBELECHE,Jorge  
Asia,South-eastern Asia,Philippines,Fall Residency,1981,BABST,Arlene  
Asia,Eastern Asia,China,Fall Residency,1981,CHEN,Ming
The Americas,North America,United States,Fall Residency,1981,CORMAN,Cid  
The Americas,Central America,Mexico,Fall Residency,1981,CROSS,Elsa 
Asia,Eastern Asia,China,Fall Residency,1981,DING,Ling
Africa,Northern Africa,Egypt,Fall Residency,1981,ELKADI,Hani 
Asia,South-central Asia,India,Fall Residency,1981,GANGOPADHYAY,Sunil
Europe,Southern Europe,Spain,Fall Residency,1981,GROSSO,Alfonso 
Asia,Western Asia,Palestinian Territories,Fall Residency,1981,HARB,Ahmed   
The Americas,South America,Peru,Fall Residency,1981,HIDALGO,José  
Europe,Northern Europe,Ireland,Fall Residency,1981,HOGAN,Desmond
Asia,Eastern Asia,Taiwan,Fall Residency,1981,LIAO,Wei-Chun
Asia,South-eastern Asia,Indonesia,Fall Residency,1981,NADJIB,Emha Ainum
Africa,Western Africa,Nigeria,Fall Residency,1981,NWAFOR,Ndubisi  
The Americas,South America,Argentina,Fall Residency,1981,ROFFÉ,Reina   
Europe,Eastern Europe,Poland,Fall Residency,1981,SALAMON,Joanna 
Europe,Western Europe,Germany,Fall Residency,1981,SCHULZE,Axel
Africa,Southern Africa,South Africa,Fall Residency,1981,SEPAMLA,Sipho   
Asia,Western Asia,Israel,Fall Residency,1981,SHAMMAS,Anton 
Asia,South-central Asia,India,Fall Residency,1981,SINHA,Kabita
Europe,Southern Europe,Greece,Fall Residency,1981,SKOURTIS,George  
Europe,Eastern Europe,Hungary,Fall Residency,1981,SOMLYÓ,György 
Europe,Southern Europe,Greece,Fall Residency,1981,SOTIROPOULOU,Ersi
Europe,Western Europe,Netherlands,Fall Residency,1981,VAN KERKWIJK,Henk
Europe,Northern Europe,Norway,Fall Residency,1981,VIK,Bjorg  
Asia,South-eastern Asia,Malaysia,Fall Residency,1981,ZAINAL,Baharuddin 
Europe,Eastern Europe,Poland,Fall Residency,1981,ZARZECKI,Krysztof  
Asia,Eastern Asia,Taiwan,Fall Residency,1981,CHIANG,Hsun
Asia,Eastern Asia,Taiwan,Fall Residency,1987,CHIANG,Hsun
Asia,South-eastern Asia,Indonesia,Fall Residency,1982,AGUSTINUS,Linus Suryadi
Asia,Western Asia,Palestinian Territories,Fall Residency,1982,AL KHALILI,Ali Fathallah 
Europe,Western Europe,Netherlands,Fall Residency,1982,BUSSINK,Gerrit 
The Americas,Central America,Guatemala,Fall Residency,1982,CARRERA,Margarita
Asia,Eastern Asia,China,Fall Residency,1982,CHEN,Baichen
Europe,Eastern Europe,Bulgaria,Fall Residency,1982,CHRISTOV,Boris Kirilov 
Europe,Northern Europe,Finland,Fall Residency,1982,JALONEN,Olli 
Europe,Western Europe,Germany,Fall Residency,1982,JENDRYSCHIK,Manfred 
Africa,Eastern Africa,Kenya,Fall Residency,1982,KARIARA,Jonathan 
Europe,Eastern Europe,Czechoslovakia,Fall Residency,1982,KORAN,Jaroslav
Asia,Eastern Asia,Taiwan,Fall Residency,1982,KUAN,Kuan (Kun Yun-Lung)
Europe,Eastern Europe,Hungary,Fall Residency,1982,LENGYEL,Péter
Asia,Eastern Asia,China,Fall Residency,1982,LIU,Binyan
Europe,Southern Europe,Yugoslavia,Fall Residency,1982,LONGINOVIC,Tomislav  
Africa,Northern Africa,Egypt,Fall Residency,1982,MOUSSA,Sabri
Africa,Eastern Africa,Malawi,Fall Residency,1982,MPINA,Edison  
Asia,Eastern Asia,Japan,Fall Residency,1982,NAKAGAMI,Kenji 
Asia,South-eastern Asia,Philippines,Fall Residency,1982,NIEVA,Antonio Maria   
The Americas,South America,Brazil,Fall Residency,1982,NOLL,Jõao Gilberto 
Africa,Western Africa,Nigeria,Fall Residency,1982,NZEWI,Meki Emeka  
Europe,Southern Europe,Greece,Fall Residency,1982,PHOKAS,Nikos
The Americas,South America,Argentina,Fall Residency,1982,PIÑA,Cristina 
Africa,Western Africa,Ghana,Fall Residency,1982,QUARTEY,Rex
The Americas,South America,Colombia,Fall Residency,1982,STEVENSON,José
Asia,South-central Asia,India,Fall Residency,1982,SUBRAMANIAM,Usha
The Americas,Central America,Mexico,Fall Residency,1982,SWANSEY,Bruce 
Europe,Eastern Europe,Romania,Fall Residency,1982,TOMUS,Mircea 
Europe,Eastern Europe,Hungary,Fall Residency,1982,TÓTH,Éva
Africa,Southern Africa,South Africa,Fall Residency,1982,UYS,Pieter-Dirk 
Europe,Western Europe,Belgium,Fall Residency,1982,VAN ALSTEIN,Marc 
Asia,Western Asia,Israel,Fall Residency,1982,WIESELTIER,Meir Marcus
Asia,Western Asia,Turkey,Fall Residency,1983,ADALI,Bilgin 
Asia,South-eastern Asia,Philippines,Fall Residency,1983,ÁGUILA,Reuel Molina   
Europe,Southern Europe,Spain,Fall Residency,1983,ÁLVAREZ,Carlos   
Europe,Northern Europe,Finland,Fall Residency,1983,BACKLÉN,Marianne
Europe,Eastern Europe,Bulgaria,Fall Residency,1983,BELEV,Georgi  
Europe,Eastern Europe,Hungary,Fall Residency,1983,BENEY,Zsuzsa
Asia,Eastern Asia,Taiwan,Fall Residency,1983,CHEN,Ying-Chen
The Americas,South America,Brazil,Fall Residency,1983,COUTINHO,Sonia  
Africa,Northern Africa,Egypt,Fall Residency,1983,DARWISH,Aly
Europe,Eastern Europe,Romania,Fall Residency,1983,FLAMAND,Dinu 
The Americas,Caribbean,Jamaica,Fall Residency,1983,GOODISON,Lorna  
Asia,Eastern Asia,South Korea,Fall Residency,1983,HUH,Se-Wook 
Europe,Northern Europe,Ireland,Fall Residency,1983,KIELY,Kevin
Asia,Western Asia,Israel,Fall Residency,1983,LEVITAS,Yoav 
Asia,Eastern Asia,Taiwan,Fall Residency,1983,LIU,Wu-Hsiung (Chi-Teng Sheng)
Asia,South-eastern Asia,Indonesia,Fall Residency,1983,MASSARDI,Yudistira 
Asia,South-central Asia,India,Fall Residency,1983,MISRA,Soubhagya
Europe,Western Europe,Germany,Fall Residency,1983,NOVAK,Helga M. 
Africa,Western Africa,Ghana,Fall Residency,1983,OKUNOR,Vincent  
Asia,Eastern Asia,Hong Kong,Fall Residency,1983,POON,Yiu Ming
Europe,Eastern Europe,Romania,Fall Residency,1983,POPOVICI,Titus 
Asia,Eastern Asia,China,Fall Residency,1983,RU,Zhijuan  
The Americas,Central America,Mexico,Fall Residency,1983,SEGOVIA,Tomás  
The Americas,South America,Argentina,Fall Residency,1983,STEIMBERG,Alicia   
Europe,Northern Europe,Iceland,Fall Residency,1983,STEINSSON,Gudmundur 
Africa,Southern Africa,South Africa,Fall Residency,1983,THOMAS,Gladys 
Africa,Western Africa,Nigeria,Fall Residency,1983,TUTUOLA,Amos  
Europe,Southern Europe,Yugoslavia,Fall Residency,1983,UGRESIC,Dubravka
Asia,Eastern Asia,China,Fall Residency,1983,WANG,Anyi
Europe,Western Europe,Germany,Fall Residency,1983,WEBER,Hans
Asia,Eastern Asia,China,Fall Residency,1983,WU,Zuguang
Europe,Northern Europe,Sweden,Fall Residency,1984,AGGESTAM,Rolf  
The Americas,Caribbean,Trinidad,Fall Residency,1984,ANTHONY,Michael  
Europe,Western Europe,Germany,Fall Residency,1984,AUGUSTIN,Michael
Europe,Northern Europe,Ireland,Fall Residency,1984,BARRY,Sebastian
Asia,Eastern Asia,Taiwan,Fall Residency,1984,BO,Yang
The Americas,South America,Colombia,Fall Residency,1984,BUITRAGO,Fanny
Europe,Western Europe,France,Fall Residency,1984,CELLY,Jean Jacques
Africa,Eastern Africa,Malawi,Fall Residency,1984,CHIMOMBO,Steve 
Europe,Western Europe,Belgium,Fall Residency,1984,CLEMENS,Eric 
Europe,Western Europe,Germany,Fall Residency,1984,ERPENBECK,John
Europe,Northern Europe,Finland,Fall Residency,1984,FORSBLOM,Harry
The Americas,Caribbean,Jamaica,Fall Residency,1984,GLOUDON,Barbara   
Asia,Western Asia,Israel,Fall Residency,1984,HADDAD,Michel 
Asia,Eastern Asia,Taiwan,Fall Residency,1984,KAO,Hsin-Chiang
Europe,Eastern Europe,Poland,Fall Residency,1984,KRASINSKA,Ewa K. 
Africa,Southern Africa,South Africa,Fall Residency,1984,MATTHEWS,James 
Asia,Western Asia,Israel,Fall Residency,1984,MEGGED,Aharon
Asia,Western Asia,Israel,Fall Residency,1984,MEGGED,Eda Zoritt
Africa,Southern Africa,South Africa,Fall Residency,1984,MUTLOATSE,Mothobi   
Europe,Eastern Europe,Bulgaria,Fall Residency,1984,NIKOLOV,Lyubomir 
Asia,South-eastern Asia,Indonesia,Fall Residency,1984,NOERHADI,Toeti Herati
Africa,Western Africa,Nigeria,Fall Residency,1984,NWAPA,Flora  
Africa,Eastern Africa,Uganda,Fall Residency,1984,OMARE-OKURUT,Augustine 
Asia,Eastern Asia,South Korea,Fall Residency,1984,PARK,Je-Chun
The Americas,Central America,Mexico,Fall Residency,1984,PETTERSSON,Aline  
Europe,Southern Europe,Greece,Fall Residency,1984,RAPTOPOULOS,Vangelis
Europe,Southern Europe,Spain,Fall Residency,1984,RIPOLL,José Ramón 
Asia,Eastern Asia,China,Fall Residency,1984,SHEN,Rong 
Asia,South-central Asia,India,Fall Residency,1984,SHUKLA,Prayag 
Europe,Northern Europe,Iceland,Fall Residency,1984,SIGURDARDOTTIR,Steinunn 
The Americas,South America,Argentina,Fall Residency,1984,SOLA,Marcela   
Europe,Southern Europe,Yugoslavia,Fall Residency,1984,STEFANOVSKI,Goran   
Asia,South-eastern Asia,Philippines,Fall Residency,1984,TORREVILLAS,Rowena 
Asia,Eastern Asia,China,Fall Residency,1984,XU,Chi
Africa,Western Africa,Ghana,Fall Residency,1985,ACQUAH,Kobena Eyi
The Americas,South America,Bolivia,Fall Residency,1985,ANTEZANA,Luis 
Europe,Western Europe,France,Fall Residency,1985,ATLAN,Liliane 
Asia,Western Asia,Israel,Fall Residency,1985,BARTOV,Hanoch 
Asia,Western Asia,Palestinian Territories,Fall Residency,1985,BATRAWI,Muhammad   
Europe,Eastern Europe,Romania,Fall Residency,1985,CASSIAN,Nina 
Europe,Northern Europe,Ireland,Fall Residency,1985,CLIFTON,Harry
Europe,Eastern Europe,Romania,Fall Residency,1985,CRISTEA,Dan 
The Americas,South America,Argentina,Fall Residency,1985,DIACONÚ,Alina   
Europe,Southern Europe,Yugoslavia,Fall Residency,1985,DIMITRIJEVIC,Branko  
The Americas,South America,Colombia,Fall Residency,1985,DUQUE,Alberto López
Africa,Eastern Africa,Uganda,Fall Residency,1985,EJIET,Augustine 
Asia,Eastern Asia,China,Fall Residency,1985,FENG,Jicai
The Americas,South America,Brazil,Fall Residency,1985,FIORANI,Silvio 
The Americas,Central America,Costa Rica,Fall Residency,1985,GALLEGOS,Mia
Asia,Eastern Asia,Japan,Fall Residency,1985,HIRAIDE,Takashi 
Asia,Eastern Asia,Taiwan,Fall Residency,1985,HSIANG,Yang (Chi-Yang Lin)
Europe,Western Europe,Germany,Fall Residency,1985,KNOBLOCH,Heinz
Europe,Northern Europe,Finland,Fall Residency,1985,LUNDBERG,Ulla-Lena  
Asia,South-eastern Asia,Philippines,Fall Residency,1985,MARANAN,Edgardo  
The Americas,Caribbean,Jamaica,Fall Residency,1985,MCNEILL,Roy Anthony  
Europe,Southern Europe,Spain,Fall Residency,1985,MORENO,Luis 
Oceania,Oceania,New Zealand,Fall Residency,1985,MORRISSEY,Michael 
Africa,Western Africa,Nigeria,Fall Residency,1985,OJAIDE,Tanure  
Asia,Western Asia,Turkey,Fall Residency,1985,PAMUK,Orhan 
The Americas,Caribbean,Jamaica,Fall Residency,1985,RECKORD,Michael  
Europe,Eastern Europe,Poland,Fall Residency,1985,REDLINSKI,Edward 
Asia,Western Asia,Israel,Fall Residency,1985,REICH,Asher 
Asia,South-central Asia,India,Fall Residency,1985,SADHU,Arun
Asia,South-eastern Asia,Singapore,Fall Residency,1985,SIPAN,Suraidi Bin 
Asia,Eastern Asia,South Korea,Fall Residency,1985,SOHN,Jang-Soon
Europe,Northern Europe,Sweden,Fall Residency,1985,VERNER-CARLSSON,Jan 
The Americas,Central America,Mexico,Fall Residency,1985,VOLKOW FERNÁNDEZ,Verónica Volkow Fernández 
Africa,Southern Africa,South Africa,Fall Residency,1985,WILLEMSE,Hein   
Asia,South-eastern Asia,Singapore,Fall Residency,1985,WONG,Yoon Wah 
Asia,Eastern Asia,China,Fall Residency,1985,XHANG,Xianliang
Asia,Eastern Asia,Taiwan,Fall Residency,1985,YANG,Ching-Chu
Europe,Southern Europe,Yugoslavia,Fall Residency,1986,ALBAHARI,David  
Europe,Northern Europe,Iceland,Fall Residency,1986,BERGSSON,Guðbergur
The Americas,South America,Brazil,Fall Residency,1986,BERTO,Luiz  
Africa,Middle Africa,Cameroon,Fall Residency,1986,BUTAKE,Bole 
The Americas,Central America,Guatemala,Fall Residency,1986,CARRILLO,Hugo
Asia,Eastern Asia,South Korea,Fall Residency,1986,CHO,Chang-Whan
Asia,South-eastern Asia,Philippines,Fall Residency,1986,CORTES,Fidelito 
The Americas,Caribbean,Jamaica,Fall Residency,1986,DAWES,Kwame S. N. 
Africa,Eastern Africa,Uganda,Fall Residency,1986,ERONE,Barnabas Okiring  
The Americas,Central America,Mexico,Fall Residency,1986,GUZMÁN,Humberto 
Europe,Northern Europe,Finland,Fall Residency,1986,KILPINEN,Inkeri 
Africa,Southern Africa,South Africa,Fall Residency,1986,KOZA,Leonard  
Africa,Western Africa,Nigeria,Fall Residency,1986,OSOFISAN,Babafemi Adeyemi 
Europe,Eastern Europe,Czechoslovakia,Fall Residency,1986,PRIDAL,Antonin 
Asia,South-eastern Asia,Malaysia,Fall Residency,1986,RIDHWAN,Anwar
Asia,South-eastern Asia,Singapore,Fall Residency,1986,SALIKUN,Masuri Bin  
Asia,Western Asia,Israel,Fall Residency,1986,SANDBANK,Shimon 
Europe,Southern Europe,Spain,Fall Residency,1986,SANTONJA,Gonzalo  
Asia,Eastern Asia,China,Fall Residency,1986,SHAO,Yanxiang  
Asia,South-central Asia,India,Fall Residency,1986,SIVASANKARI, 
Asia,Eastern Asia,Taiwan,Fall Residency,1986,WANG,Tuoh
Asia,Eastern Asia,China,Fall Residency,1986,WURE,Ertu
Europe,Eastern Europe,USSR,Fall Residency,1986,ZAKHODER,Boris  
Asia,Eastern Asia,China,Fall Residency,1986,ZHONG,Ah Cheng
Europe,Northern Europe,Finland,Fall Residency,1987,AHTI,Risto 
The Americas,South America,Argentina,Fall Residency,1987,APARICIO,Carlos 
The Americas,Central America,Costa Rica,Fall Residency,1987,ARROYO,Jorge Pérez
Europe,Western Europe,France,Fall Residency,1987,BLOCH,Marc
The Americas,Caribbean,Trinidad,Fall Residency,1987,BROWN,Wayne Vincent  
Asia,South-eastern Asia,Indonesia,Fall Residency,1987,BUDIANTA,Eka
Asia,Eastern Asia,Hong Kong,Fall Residency,1987,CHUNG,Hiu Ieong (Sharon)
Europe,Eastern Europe,Bulgaria,Fall Residency,1987,GALINA - GABROVSKA,Lada (Karanfilova) 
Asia,Eastern Asia,China,Fall Residency,1987,GU,Hua 
The Americas,South America,Colombia,Fall Residency,1987,HOYOS,Juan José 
Asia,Eastern Asia,Taiwan,Fall Residency,1987,HWANG,Fan (Hsia-Chung)
Africa,Western Africa,Nigeria,Fall Residency,1987,IKE,Chukwuemeka  
Europe,Western Europe,Luxembourg,Fall Residency,1987,JORIS,Pierre 
Asia,South-central Asia,India,Fall Residency,1987,KANNAN,Lakshmi
The Americas,South America,Brazil,Fall Residency,1987,KIEFER,Charles 
Asia,South-eastern Asia,Philippines,Fall Residency,1986,LANOT,Marra Pl.  
Asia,South-eastern Asia,Philippines,Fall Residency,1987,LARA,Susan  
The Americas,Central America,Mexico,Fall Residency,1987,LARA,Hernán Zavala
Asia,Eastern Asia,Taiwan,Fall Residency,1987,LI,Ang (Shih Shu Tuan)
Asia,South-eastern Asia,Philippines,Fall Residency,1987,MABANGLO,Ruth Elynia  
Africa,Middle Africa,Cameroon,Fall Residency,1987,MUSINGA,Victor Elame
Asia,Eastern Asia,South Korea,Fall Residency,1987,OH,Sae-Young
Africa,Eastern Africa,Uganda,Fall Residency,1987,P'CHONG,Cliff Lubwa 
Africa,Eastern Africa,Zambia,Fall Residency,1987,PHIRI,Wizas  
Europe,Eastern Europe,USSR,Fall Residency,1987,RADZINSKIY,Edward 
The Americas,South America,Paraguay,Fall Residency,1987,RODRÍGUEZ,Guido Alcalá 
Europe,Eastern Europe,Czechoslovakia,Fall Residency,1987,SRUT,Pavel
Asia,Western Asia,Israel,Fall Residency,1987,TSALKA,Dan 
Asia,Eastern Asia,China,Fall Residency,1987,WANG,Zengqi
The Americas,South America,Brazil,Fall Residency,1988,AMADO,Roberto  
Asia,South-central Asia,India,Fall Residency,1988,AWACHAT,Anil Tryambak
Asia,Eastern Asia,China,Fall Residency,1988,BAI,Hua
Asia,Eastern Asia,China,Fall Residency,1988,BEI,Dao
Africa,Western Africa,Sierra Leone,Fall Residency,1988,CHENEY-COKER,Syl 
Asia,Eastern Asia,Taiwan,Fall Residency,1988,CHI,Chi (Juey-Yeh Lee)
Europe,Southern Europe,Yugoslavia,Fall Residency,1988,DRAKULIC,Slavenka  
The Americas,South America,Argentina,Fall Residency,1988,GORODISCHER,Angelique
Europe,Western Europe,Luxembourg,Fall Residency,1988,HAUSEMER,Georges 
Asia,Eastern Asia,Taiwan,Fall Residency,1988,HSIAO,Sa (Ching-Yu Hsiao)
Asia,South-eastern Asia,Singapore,Fall Residency,1988,KANNAPIRAN,Rama  
Asia,South-central Asia,Pakistan,Fall Residency,1988,KHWAJA,Waqas Ahmad   
Africa,Northern Africa,Sudan,Fall Residency,1988,LO LIYONG,Taban
Africa,Northern Africa,Algeria,Fall Residency,1988,MAGANI,Mohamed  
Asia,South-eastern Asia,Indonesia,Fall Residency,1988,MOENIR,Darman 
Europe,Eastern Europe,Poland,Fall Residency,1988,MUSIAL,Grzegorz
Europe,Western Europe,France,Fall Residency,1988,NIMIER,Marie
Asia,Western Asia,Israel,Fall Residency,1988,NITZAN,Shlomo
Africa,Western Africa,Nigeria,Fall Residency,1988,OSUNDARE,Niyi  
Asia,South-eastern Asia,Philippines,Fall Residency,1988,QUEAÑO,Nonilon  
The Americas,South America,Colombia,Fall Residency,1988,ROMÁN,Celso Campos
Europe,Northern Europe,Finland,Fall Residency,1988,SARIOLA,Esa
Asia,South-eastern Asia,Thailand,Fall Residency,1988,SAWADSRI,Suchart 
Europe,Northern Europe,Sweden,Fall Residency,1988,SEM-SANDBERG,Steve 
Asia,Eastern Asia,South Korea,Fall Residency,1988,SHIN,Tong-Choon
Europe,Eastern Europe,Bulgaria,Fall Residency,1988,SHUMNALIEV,Dimitur
Europe,Northern Europe,Iceland,Fall Residency,1988,SIGURDSSON,Birgir 
Europe,Southern Europe,Spain,Fall Residency,1988,SOREL,Andres 
Europe,Eastern Europe,Hungary,Fall Residency,1988,TAKÁCS,Zsuzsa
Europe,Eastern Europe,Hungary,Fall Residency,1988,TEMESI,Ferenc 
Europe,Eastern Europe,USSR,Fall Residency,1988,TKACHENKO,Alexander  
The Americas,Central America,Guatemala,Fall Residency,1988,VALENZUELA,Felipe
Europe,Eastern Europe,Czechoslovakia,Fall Residency,1988,VEIS,Jaroslav
Europe,Eastern Europe,Romania,Fall Residency,1989,AGOPIAN,Stefan  
Asia,Eastern Asia,South Korea,Fall Residency,1989,BOM,Dae-Soon  
Europe,Eastern Europe,Poland,Fall Residency,1989,BORUN-JAGODZINSKA,Katarzyna 
The Americas,Caribbean,Jamaica,Fall Residency,1989,CRAIG,Christine  
Europe,Western Europe,Luxembourg,Fall Residency,1989,HELMINGER,Nico 
Europe,Eastern Europe,Hungary,Fall Residency,1989,HERNÁDI,Miklós
Europe,Eastern Europe,Romania,Fall Residency,1989,HOBANA,Ion
Africa,Eastern Africa,Kenya,Fall Residency,1989,IMBUGA,Francis 
Asia,South-central Asia,Iran,Fall Residency,1989,KHO'I,Esmail 
Europe,Northern Europe,Finland,Fall Residency,1989,KYTOHONKA,Arto 
Asia,South-eastern Asia,Philippines,Fall Residency,1989,LANDICHO,Domingo  
Asia,South-central Asia,India,Fall Residency,1989,MAHADEV,Devanur
Asia,Eastern Asia,Japan,Fall Residency,1989,MATSUURA,Hisaki 
Asia,Western Asia,Israel,Fall Residency,1989,MILOSLAVSKY,Yuri
Asia,South-central Asia,India,Fall Residency,1989,REDDY,P. Bayapa
The Americas,North America,Canada,Fall Residency,1989,VASSANJI,Moyez   
Europe,Eastern Europe,USSR,Fall Residency,1989,VEGHIN,Pyotr  
Africa,Northern Africa,Egypt,Fall Residency,1990,ABDOU-JUBAIR,Abdou Mohamed
Europe,Eastern Europe,Romania,Fall Residency,1990,ADAMESTEANU,Gabriela   
Asia,South-central Asia,Bangladesh,Fall Residency,1990,AHMED,Humayun 
Asia,Western Asia,Iraq,Fall Residency,1990,AL-MANA,Samira
Asia,South-central Asia,Sri Lanka,Fall Residency,1990,ARASANAYAGAM,Jean  
Asia,Western Asia,Israel,Fall Residency,1990,AWWAD,Hanan  
Europe,Southern Europe,Spain,Fall Residency,1990,BARBADILLO,Patricia Griñan
Asia,South-eastern Asia,Philippines,Fall Residency,1990,BRION,Rofel G.  
The Americas,South America,Argentina,Fall Residency,1990,BUTTI,Enrique  
Africa,Western Africa,Cote d'Ivoire,Fall Residency,1990,CARLOS,Jérôme
The Americas,South America,Brazil,Fall Residency,1990,CARRERO,Raimundo 
Europe,Eastern Europe,Romania,Fall Residency,1990,CARTARESCU,Mircea
Africa,Eastern Africa,Zimbabwe,Fall Residency,1990,CHIRIKURE,Chirikure 
Europe,Eastern Europe,Poland,Fall Residency,1990,CZEKANOWICZ,Anna  
Asia,South-eastern Asia,Philippines,Fall Residency,1990,DIMALANTA,Ophelia  
Asia,South-central Asia,India,Fall Residency,1990,GILL,Gagan
Asia,South-central Asia,Iran,Fall Residency,1990,GOUSHEGUIR,Ezzat 
Europe,Western Europe,Luxembourg,Fall Residency,1990,GRAF,Nico 
Africa,Western Africa,Nigeria,Fall Residency,1990,IYAYI,Festus   
Asia,South-eastern Asia,Singapore,Fall Residency,1990,JEYARETNAM,Philip 
Asia,Eastern Asia,South Korea,Fall Residency,1990,KIM,Jiwon 
Africa,Western Africa,Ghana,Fall Residency,1990,KUWABONG,Dannabang
Asia,Western Asia,Israel,Fall Residency,1990,LIEBRECHT,Savyon
The Americas,South America,Venezuela,Fall Residency,1990,LOPEZ,Antonio Ortega 
Africa,Western Africa,Senegal,Fall Residency,1990,MAÏGA KA,Aminata 
Europe,Eastern Europe,Czechoslovakia,Fall Residency,1990,MIKES,Petr
The Americas,Central America,Mexico,Fall Residency,1990,MOLINA,Silvia  
Europe,Eastern Europe,USSR,Fall Residency,1990,MORITS,Yunna
Africa,Eastern Africa,Kenya,Fall Residency,1990,NGURUKIE,Pat Wambui  
Africa,Southern Africa,South Africa,Fall Residency,1990,QABULA,Thembeni Alfred   
Europe,Eastern Europe,Hungary,Fall Residency,1990,RAKOVSZKY,Zsuzsa
Asia,South-eastern Asia,Philippines,Fall Residency,1990,SICAT,Rogelio  
Asia,Western Asia,Iraq,Fall Residency,1990,SIMAWE,Saadi
Asia,Western Asia,Iraq,Fall Residency,1990,SIMAWE,Saadi
Europe,Eastern Europe,Poland,Fall Residency,1990,SZPERKOWICZ,Jerzy 
Europe,Eastern Europe,USSR,Fall Residency,1990,TASK,Sergei 
Asia,South-eastern Asia,Singapore,Fall Residency,1990,TAY,Simon  
Asia,South-eastern Asia,Indonesia,Fall Residency,1990,TOHARI,Ahmad 
Europe,Northern Europe,Finland,Fall Residency,1990,TURKKA,Sirkka
Africa,Southern Africa,South Africa,Fall Residency,1990,VAN HEERDEN,Etienne Roche 
Asia,South-eastern Asia,Singapore,Fall Residency,1990,YU,Ovidia  
Asia,Eastern Asia,China,Fall Residency,1990,ZHANG,Yigong
Asia,South-eastern Asia,Philippines,Fall Residency,1991,ABAD,Gémino H.  
Asia,South-eastern Asia,Philippines,Fall Residency,1991,CU-UY-GAM,Elena 
Asia,South-central Asia,India,Fall Residency,1991,DABRAL,Mangalesh
Europe,Western Europe,Netherlands,Fall Residency,1991,DORRESTEIN,Renate
Africa,Northern Africa,Egypt,Fall Residency,1991,EL-SHAHAWY,Ahmed
Africa,Western Africa,Nigeria,Fall Residency,1991,FATUNDE,Tunde  
Europe,Northern Europe,Finland,Fall Residency,1991,FORSSTRÖM,Tua
The Americas,Caribbean,Jamaica,Fall Residency,1991,GOULBOURNE,Jean L. 
Europe,Southern Europe,Croatia,Fall Residency,1991,GREGORIC,Boris Josip
Asia,Eastern Asia,South Korea,Fall Residency,1991,HAHM,Hye Ryon 
Europe,Eastern Europe,Poland,Fall Residency,1991,KOZIOL-PRZYBYLAK,Urszula
Asia,South-eastern Asia,Philippines,Fall Residency,1991,LEE,Grace 
Africa,Southern Africa,South Africa,Fall Residency,1991,MALANGE,Nise   
Africa,Eastern Africa,Mozambique,Fall Residency,1991,MEIGOS,Filmone M. 
Asia,Eastern Asia,Japan,Fall Residency,1991,MIURA,Kiyohiro
Africa,Eastern Africa,Zimbabwe,Fall Residency,1991,MUNGOSHI,Charles Muzova  
The Americas,Central America,Mexico,Fall Residency,1991,RAMIREZ HEREDIA,Rafael 
The Americas,Central America,Nicaragua,Fall Residency,1991,SALAMANCA,Douglas 
Asia,South-central Asia,Bangladesh,Fall Residency,1991,SARKAR,Shihab 
Asia,South-eastern Asia,Malaysia,Fall Residency,1991,SHAARI,Rahman Bin
Africa,Southern Africa,South Africa,Fall Residency,1991,SIERS,Rushdy  
Asia,South-eastern Asia,Philippines,Fall Residency,1991,SY,John  
Europe,Eastern Europe,Czechoslovakia,Fall Residency,1991,VODNANSKY,Jan
Asia,Western Asia,Armenia,Fall Residency,1991,ZEYTOUNTSIAN,Berj & Liliana 
The Americas,North America,United States,Fall Residency,1991,KEYS,Kerry Shawn  
The Americas,North America,United States,Fall Residency,1993,KEYS,Kerry Shawn  
Asia,Eastern Asia,Japan,Fall Residency,1992,AONO,So
Europe,Southern Europe,Albania,Fall Residency,1992,BUCPAPA,United Kingdom   
The Americas,South America,Venezuela,Fall Residency,1992,CARBONELL,Veronica Jaffe  
Europe,Northern Europe,Finland,Fall Residency,1992,CARLSON,Kristina
Asia,Eastern Asia,South Korea,Fall Residency,1992,CHOI,Tong-Ho 
Europe,Western Europe,Netherlands,Fall Residency,1992,DE WAARD,Elly
Asia,Eastern Asia,China,Fall Residency,1992,DENG,Xiao Hui (Can Xue)
Oceania,Oceania,New Zealand,Fall Residency,1992,ELDRED-GRIGG,Stevan 
Europe,Eastern Europe,Poland,Fall Residency,1992,HUELLE,Pawel  
Africa,Eastern Africa,Kenya,Fall Residency,1992,INDANGASI,Henry 
Europe,Northern Europe,Finland,Fall Residency,1992,INTO,Markku
Asia,Eastern Asia,China,Fall Residency,1992,LIU,Sola
Europe,Southern Europe,Albania,Fall Residency,1992,LUBONJA,Fatos 
Africa,Western Africa,Sierra Leone,Fall Residency,1992,MADDY,Yulisa Amadu Pat 
Asia,South-central Asia,Iran,Fall Residency,1992,PARSIPUR,Shahrnush
Europe,Eastern Europe,Poland,Fall Residency,1992,PIECHOWICZ,Krzysztof 
The Americas,South America,Peru,Fall Residency,1992,RADA,Jose   
Asia,Eastern Asia,Japan,Fall Residency,1992,SHIMIZU,Kazuko
Asia,Western Asia,Israel,Fall Residency,1992,SOMECK,Ronny
Asia,South-eastern Asia,Malaysia,Fall Residency,1992,TAHIR,Abdullah  
Europe,Northern Europe,Estonia,Fall Residency,1992,TART,Indrek
Europe,Southern Europe,Spain,Fall Residency,1992,URKIOLA,Inaki Zabaleta  
Asia,Eastern Asia,Taiwan,Fall Residency,1992,WANG,Katherine J. C. 
Asia,Eastern Asia,Taiwan,Fall Residency,1992,WANG,Lomen
The Americas,South America,Argentina,Fall Residency,1992,ZAVALETA,Jorge Torres 
Asia,South-eastern Asia,Malaysia,Fall Residency,1993,ABDULLAH,Ahmad Kamal (Kemala)
Europe,Northern Europe,Finland,Fall Residency,1993,ALASALMI,Paivi
Africa,Western Africa,Cote d'Ivoire,Fall Residency,1993,AMOI,Assamala 
Asia,Western Asia,Saudi Arabia,Fall Residency,1993,BAKHIT,Abdullah 
Europe,Southern Europe,Slovenia,Fall Residency,1993,BLATNIK,Andrej  
Europe,Western Europe,Netherlands,Fall Residency,1993,BLOEM,Marion 
Europe,Eastern Europe,Romania,Fall Residency,1993,CRASNARU,Daniela
The Americas,South America,Argentina,Fall Residency,1993,DELANEY,Juan Jose 
Asia,Eastern Asia,China,Fall Residency,1993,DONG,Jiping 
Europe,Northern Europe,United Kingdom,Fall Residency,1993,HUGHES,Rolf 
The Americas,Central America,Mexico,Fall Residency,1993,JACOBS,Barbara 
Oceania,Oceania,New Zealand,Fall Residency,1993,JORDAN,Sherryl  
Asia,Eastern Asia,South Korea,Fall Residency,1993,KIM,Seung-Hee 
Asia,South-eastern Asia,Indonesia,Fall Residency,1993,KOIRI,Muchamad
Europe,Eastern Europe,Poland,Fall Residency,1993,LIBERA,Antoni 
The Americas,Central America,Mexico,Fall Residency,1993,MONTERROSO,Tito  
The Americas,Central America,Guatemala,Fall Residency,1993,MORALES,Mario Roberto
Africa,Eastern Africa,Zimbabwe,Fall Residency,1993,MUSENGEZI,Chiedza
Europe,Eastern Europe,Hungary,Fall Residency,1993,NAGY,András
Africa,Eastern Africa,Kenya,Fall Residency,1993,OMTATAH,Andrew Okoiti  
Africa,Northern Africa,Egypt,Fall Residency,1993,OSMAN,Etidal Mohamed
The Americas,South America,Venezuela,Fall Residency,1993,OTT,Gustavo  
Asia,South-central Asia,Bangladesh,Fall Residency,1993,RAFIQ,Mohammad  
Asia,Eastern Asia,South Korea,Fall Residency,1993,RIM,Jong-Joo (Hailji) 
The Americas,Central America,Honduras,Fall Residency,1993,SARAVIA ORELLANA,Juan Ramon
Europe,Eastern Europe,Russia,Fall Residency,1993,SHATUNOVSKY,Mark Aledseyevich
Europe,Eastern Europe,Ukraine,Fall Residency,1993,STELMAKH,Yaroslav  
The Americas,South America,Colombia,Fall Residency,1993,SUAREZ,Carmen
Africa,Western Africa,Nigeria,Fall Residency,1993,UGBABE,Kanchana 
Asia,Western Asia,Israel,Fall Residency,1994,BEIDAS,Riad Hanna
Asia,South-eastern Asia,Singapore,Fall Residency,1994,BOEY,Kim Cheng  
Asia,Eastern Asia,South Korea,Fall Residency,1994,CHOI,Seung Ja
The Americas,South America,Argentina,Fall Residency,1994,FEILING,Carlos  
Oceania,Oceania,New Zealand,Fall Residency,1994,FLETCHER,Beryl 
The Americas,South America,Chile,Fall Residency,1994,FUGUET,Alberto  
Asia,South-eastern Asia,Malaysia,Fall Residency,1994,HASHIM,Khadijah 
Europe,Western Europe,Austria,Fall Residency,1994,HASLINGER,Josef 
Asia,Western Asia,Syria,Fall Residency,1994,ISBER,Osama 
Oceania,Oceania,Australia,Fall Residency,1994,KINSELLA,John 
Africa,Western Africa,Sierra Leone,Fall Residency,1994,MASSAQUOI,Ambrose   
Asia,South-central Asia,India,Fall Residency,1994,MOHANTY,Niranjan 
Africa,Southern Africa,Botswana,Fall Residency,1994,MOTHEI,Sydney Othusitse  
Africa,Western Africa,Nigeria,Fall Residency,1994,NWABUEZE,Patrick Emeka  
Asia,Western Asia,Israel,Fall Residency,1994,OR,Amir 
Asia,South-eastern Asia,Burma/Myanmar,Fall Residency,1994,PE,U Win
Europe,Eastern Europe,Poland,Fall Residency,1994,PILCH,Jerzy 
Europe,Western Europe,Netherlands,Fall Residency,1994,ROEMER,Astrid  
Europe,Northern Europe,Ireland,Fall Residency,1994,ROPER,Martin
Europe,Northern Europe,Finland,Fall Residency,1994,SINERVO,Helena 
Europe,Eastern Europe,Russia,Fall Residency,1994,SKIDAN,Alexander 
Oceania,Oceania,Fiji,Fall Residency,1994,SMILES,Seona
The Americas,Central America,Mexico,Fall Residency,1994,TOSCANA,David  
The Americas,Caribbean,Haiti,Fall Residency,1994,TROUILLOT,Lyonel 
Oceania,Oceania,Australia,Fall Residency,1994,WOOLFE,Sue 
Asia,Eastern Asia,Japan,Fall Residency,1994,YOSHIMEKI,Haruhiko  
Europe,Northern Europe,Lithuania,Fall Residency,1995,ALISANKA,Eugenijus 
The Americas,South America,Argentina,Fall Residency,1995,ARIJÓN,Teresa 
The Americas,South America,Colombia,Fall Residency,1995,BOTERO MONTOYA,Mauricio
The Americas,South America,Bolivia,Fall Residency,1995,CÁRDENAS,Adolfo Franco 
Asia,South-eastern Asia,Singapore,Fall Residency,1995,CHIA,Joo Ming 
Oceania,Oceania,Australia,Fall Residency,1995,CLOSE,Alan 
The Americas,South America,Chile,Fall Residency,1995,COLLYER,Jaime 
Africa,Western Africa,Benin,Fall Residency,1995,DATONDJI,Innocent Coovi 
Europe,Eastern Europe,Romania,Fall Residency,1995,DELEANU,Daniel
Asia,South-eastern Asia,Malaysia,Fall Residency,1995,EOW,Bung Poo
Africa,Western Africa,Senegal,Fall Residency,1995,FALL,Khadi 
Africa,Eastern Africa,Ethiopia,Fall Residency,1995,GETACHEW,Tarekegn
Asia,Western Asia,Saudi Arabia,Fall Residency,1995,GODUS,Mohammed Ali 
Asia,South-eastern Asia,Singapore,Fall Residency,1995,HALIL,Rasiah  
Asia,South-central Asia,India,Fall Residency,1995,HOSKOTE,Ranjit 
Oceania,Oceania,New Zealand,Fall Residency,1995,JOHNSTON,Andrew 
Africa,Western Africa,Togo,Fall Residency,1995,KANGNI,Alemdjrodo
Asia,Western Asia,Palestinian Territories,Fall Residency,1995,KAWASMI,Jamal  
Europe,Northern Europe,Finland,Fall Residency,1995,KOSKELAINEN,Jukka
Europe,Eastern Europe,Poland,Fall Residency,1995,KRALL,Hanna 
Asia,Eastern Asia,South Korea,Fall Residency,1995,MOON,Chung Hee
The Americas,South America,Brazil,Fall Residency,1995,MOURA,João 
Europe,Eastern Europe,Slovakia,Fall Residency,1995,MURIN,Gustav 
Asia,South-eastern Asia,Malaysia,Fall Residency,1995,SAMSUDIN,Bin Jaapar 
The Americas,South America,Argentina,Fall Residency,1995,SCHETTINI,Ariel 
Asia,Western Asia,Jordan,Fall Residency,1995,SHAMI,Janset Berkok  
Asia,Western Asia,Israel,Fall Residency,1995,SHATZ,Ariel 
Europe,Northern Europe,Estonia,Fall Residency,1995,SINIJARV,Karl Martin
Europe,Eastern Europe,Hungary,Fall Residency,1995,SPIRÓ,György 
Oceania,Oceania,Papua New Guinea,Fall Residency,1995,STELLA,Regis
Europe,Eastern Europe,Russia,Fall Residency,1995,STROYKOV,Yuriy 
Africa,Northern Africa,Egypt,Fall Residency,1995,SULAIMAN,Mohammad
Oceania,Oceania,Fiji,Fall Residency,1995,THOMAS,Larry
Europe,Western Europe,Netherlands,Fall Residency,1995,VAN DAALEN,Maria 
Africa,Western Africa,Togo,Fall Residency,1996,ADOTÉVI,Adovi John Bosco 
Europe,Eastern Europe,Russia,Fall Residency,1996,ALESHKOVSKII,Petr 
Europe,Eastern Europe,Poland,Fall Residency,1996,AMEJKO,Lidia 
The Americas,South America,Chile,Fall Residency,1996,AMPUERO,Roberto
Europe,Southern Europe,Albania,Fall Residency,1996,ARAPI-BOLTZ,Lindita
Europe,Northern Europe,Latvia,Fall Residency,1996,AUZINA,Anna 
The Americas,Central America,Mexico,Fall Residency,1996,DE LA BORBOLLA,Oscar 
Europe,Northern Europe,Lithuania,Fall Residency,1996,DEGESYS,Liutauras 
Asia,South-central Asia,Sri Lanka,Fall Residency,1996,DISANAYAKA,Madhubhashini M.K. 
The Americas,Central America,Mexico,Fall Residency,1996,ESCALANTE,Beatriz
The Americas,South America,Argentina,Fall Residency,1996,FRESAN,Rodrigo 
The Americas,South America,Brazil,Fall Residency,1996,HATOUM,Milton 
Europe,Eastern Europe,Slovakia,Fall Residency,1996,HAUGOVÁ,Mila 
Asia,Eastern Asia,South Korea,Fall Residency,1996,IN AE ,Kim
Asia,Eastern Asia,South Korea,Fall Residency,1996,KIM,In Ae
Asia,South-eastern Asia,Singapore,Fall Residency,1996,LEW,Dan (Lew Poo Chan)
The Americas,South America,Argentina,Fall Residency,1996,LYSYJ,Viviana Irene 
Europe,Eastern Europe,Poland,Fall Residency,1996,MAJ,Bronislaw 
Africa,Northern Africa,Morocco,Fall Residency,1996,MESSNAOUI,Mostafa 
Europe,Southern Europe,Macedonia,Fall Residency,1996,MIRCEVSKA,Zanina 
Europe,Eastern Europe,Hungary,Fall Residency,1996,MOLNAR,Miklós
Africa,Eastern Africa,Kenya,Fall Residency,1996,MWANGI,Serah Wanjiru 
The Americas,South America,Bolivia,Fall Residency,1996,ORIHUELA,Juan Carlos 
Asia,South-eastern Asia,Malaysia,Fall Residency,1996,OTHMAN,Bin Puteh
Europe,Eastern Europe,Russia,Fall Residency,1996,PELEVIN,Viktor Olegovich 
Asia,South-central Asia,India,Fall Residency,1996,RAO,R. Raj
Europe,Northern Europe,Latvia,Fall Residency,1996,REPSE,Gundega 
The Americas,Central America,Mexico,Fall Residency,1996,RIVERA,Ana Carolina
Europe,Western Europe,Netherlands,Fall Residency,1996,SANDERS,Stephan 
Oceania,Oceania,New Zealand,Fall Residency,1996,TAYLOR,William 
Asia,South-eastern Asia,Burma/Myanmar,Fall Residency,1996,TIN,Maung Than
Asia,Western Asia,Turkey,Fall Residency,1996,UZUNER,Buket 
Asia,South-eastern Asia,Vietnam,Fall Residency,1996,VANG ANH,Phan Thi 
Africa,Eastern Africa,Kenya,Fall Residency,1996,WANAMBISI,Monica N. 
Europe,Southern Europe,Spain,Fall Residency,1996,ZABALBEASCOA,Anatxu 
Oceania,Oceania,Australia,Fall Residency,1996,ZIMDAHL,Catherine Alice 
The Americas,South America,Argentina,Fall Residency,1997,ACCAME,Jorge E.
Asia,South-eastern Asia,Malaysia,Fall Residency,1997,ARIFFIN,Lakaria
Europe,Eastern Europe,Hungary,Fall Residency,1997,BÉKÉS,Pál
Europe,Northern Europe,United Kingdom,Fall Residency,1997,FISCHER,Tibor Nicholas Elek
The Americas,South America,Chile,Fall Residency,1997,GOMEZ,Sergio
Oceania,Oceania,New Zealand,Fall Residency,1997,HALL,Bernadette
Europe,Eastern Europe,Hungary,Fall Residency,1997,HAMVAI,Kornel
Europe,Southern Europe,Greece,Fall Residency,1997,HOMENIDES,Christos
Europe,Eastern Europe,Poland,Fall Residency,1997,KACZYNSKA-ORYSZYN,Zyta Anna
Africa,Western Africa,Togo,Fall Residency,1997,KUAKUVI,Mavule Kuamvi
Africa,Eastern Africa,Uganda,Fall Residency,1997,KYOMUHENDO,Goretti
Asia,South-eastern Asia,Vietnam,Fall Residency,1997,LAN THI NHAN,Ly Thi
Asia,South-eastern Asia,Singapore,Fall Residency,1997,LEW POO ,Chan
Africa,Northern Africa,Egypt,Fall Residency,1997,METWALLI,Mohamed M.
Africa,Eastern Africa,Mozambique,Fall Residency,1997,MOMPLE,Lilia
The Americas,South America,Bolivia,Fall Residency,1997,MONICA,Velasquez
Europe,Eastern Europe,Russia,Fall Residency,1997,PALEI,Marina 
The Americas,South America,Venezuela,Fall Residency,1997,PLAZA,Arturo Gutierrez
The Americas,Central America,Mexico,Fall Residency,1997,QUINETERO,Guillermo Montano
Africa,Eastern Africa,Malawi,Fall Residency,1997,SHARRA,Steve
Asia,South-eastern Asia,Singapore,Fall Residency,1997,SINGH,Kirpal
Asia,South-eastern Asia,Singapore,Fall Residency,1997,SUCHEN CHRISTINE,Lim 
Europe,Eastern Europe,Poland,Fall Residency,1997,SZYMANSKA,Adriana
Asia,Eastern Asia,Taiwan,Fall Residency,1997,TA-CHUN,Chang
Europe,Southern Europe,Yugoslavia,Fall Residency,1997,TESANOVIC,Jasmina
Africa,Southern Africa,South Africa,Fall Residency,1997,VAN DER VYVER,Marita 
Europe,Eastern Europe,Russia,Fall Residency,1997,VARLAMOV,Aleksey Nikolayevich
The Americas,Central America,Mexico,Fall Residency,1997,VIDALES,Aura Maria Ibarra
The Americas,South America,Paraguay,Fall Residency,1997,WIEZELL,Lourdes Espinola
Asia,Eastern Asia,South Korea,Fall Residency,1998,KI,Han
Europe,Western Europe,Germany,Fall Residency,1998,KOBOW,Beatrice Sasha
Europe,Western Europe,Germany,Fall Residency,1998,KOBOW,Beatrice Sasha
Europe,Eastern Europe,Hungary,Fall Residency,1998,PETOCZ,Andras
Asia,Western Asia,Israel,Fall Residency,1998,SARNA,Igal
Europe,Eastern Europe,Poland,Fall Residency,1999,CIEPLINSKA-BITNER,Halina
Europe,Eastern Europe,Romania,Fall Residency,1999,CIUPAG,Ramona
Europe,Eastern Europe,Poland,Fall Residency,1999,JARNIEWICZ,Jerzy 
Asia,Western Asia,Georgia,Fall Residency,1999,KUBANEISHVILI,Konstantine
Europe,Southern Europe,Albania,Fall Residency,1999,LLESHANAKU,Luljeta
Asia,South-eastern Asia,Vietnam,Fall Residency,1999,NGUYEN,Giang
Asia,South-eastern Asia,Vietnam,Fall Residency,1999,PHAN,Trieu Hai 
Europe,Eastern Europe,Poland,Fall Residency,1999,POKRAKA,Slawomir
Africa,Western Africa,Nigeria,Fall Residency,1999,SHONEYIN,Titilola
Europe,Eastern Europe,Russia,Fall Residency,1999,SHULPYAKOV,Gleb
Africa,Western Africa,Togo,Fall Residency,2000,DOGBE,Yves Emmanuel
Europe,Eastern Europe,Poland,Fall Residency,2000,FILIPIAK,Izabela
Europe,Northern Europe,Ireland,Fall Residency,2000,FINN,Mike
Europe,Eastern Europe,Russia,Fall Residency,2000,FOMINA,Victoria A.
Africa,Western Africa,Nigeria,Fall Residency,2000,GIMBA,Abubakar
Asia,South-eastern Asia,Vietnam,Fall Residency,2000,HAO,Vo Thi
Asia,Eastern Asia,South Korea,Fall Residency,2000,HWANG,Jiwoo
Africa,Western Africa,Nigeria,Fall Residency,2000,IFOWODO,Ogaga
Asia,Western Asia,Israel,Fall Residency,2000,LERNER,Motti
Africa,Eastern Africa,Uganda,Fall Residency,2000,MUGARRA,Pascal
Asia,South-eastern Asia,Singapore,Fall Residency,2000,OTHMAN,Anuar
Asia,South-central Asia,India,Fall Residency,2000,PRAKASH,H.S. Shiva
Africa,Southern Africa,South Africa,Fall Residency,2000,RAPOLA,Zachariah
The Americas,South America,Argentina,Fall Residency,2000,REJTMAN,Martin
Asia,South-eastern Asia,Singapore,Fall Residency,2000,SIOK TIAN,Heng 
Europe,Eastern Europe,Poland,Fall Residency,2000,SLIWINSKI,Piotr
Asia,South-eastern Asia,Burma/Myanmar,Fall Residency,2000,YEE,Nu Nu
Africa,Western Africa,Togo,Fall Residency,2001,ALADJI ,Victor Yawo Weka
Europe,Northern Europe,Norway,Fall Residency,2001,BORGE,Torunn
Europe,Northern Europe,Lithuania,Fall Residency,2001,BUROKAS,Marius
Europe,Eastern Europe,Russia,Fall Residency,2001,BYCHKOV,Andrey
Europe,Southern Europe,Italy,Fall Residency,2001,CARBONE,Rocco
The Americas,Caribbean,Cuba,Fall Residency,2001,ESPINOSA,Norge
Oceania,Oceania,New Zealand,Fall Residency,2001,FORD,Vince
Asia,South-central Asia,India,Fall Residency,2001,GOSWAMI,Joy
Europe,Eastern Europe,Bulgaria,Fall Residency,2001,GROZDINSKI,Nikolay
Asia,Western Asia,Israel,Fall Residency,2001,KERET,Etgar
Europe,Western Europe,Netherlands,Fall Residency,2001,KEULEMANS,Chris
Asia,South-eastern Asia,Burma/Myanmar,Fall Residency,2001,KHIN LAY,Nyo
Asia,Eastern Asia,South Korea,Fall Residency,2001,LEE,Man-Sik
Asia,South-eastern Asia,Indonesia,Fall Residency,2001,LOEKITO,Medijanti
Europe,Northern Europe,Ireland,Fall Residency,2001,LOGUE,Antonia
Asia,Western Asia,Israel,Fall Residency,2001,NASRALLAH,Aida
Asia,South-eastern Asia,Laos,Fall Residency,2001,PHOTISANE,Thongbay 
Europe,Eastern Europe,Serbia,Fall Residency,2001,PRODANOVI,Mileta
The Americas,South America,Argentina,Fall Residency,2001,PUJOL,
Asia,South-eastern Asia,Malaysia,Fall Residency,2001,RASHID,Rehman
Europe,Northern Europe,United Kingdom,Fall Residency,2001,RICE,Ben
Europe,Eastern Europe,Poland,Fall Residency,2001,SONICKI,Dariusz
Asia,South-eastern Asia,Indonesia,Fall Residency,2001,SRENGENGE,Sitok
Asia,South-eastern Asia,Burma/Myanmar,Fall Residency,2001,THU MAUNG,Bala
Asia,Eastern Asia,China,Fall Residency,2001,TONG,Su
Asia,South-eastern Asia,Vietnam,Fall Residency,2001,TRAN,Viet Huu
Asia,Western Asia,Georgia,Fall Residency,2001,TURASHVILI,David  
Asia,South-central Asia,India,Fall Residency,2001,WARRIER,Shashi
Europe,Eastern Europe,Poland,Fall Residency,2001,ZALESKI,Marek
Europe,Southern Europe,Bosnia-Herzegovina/Netherlands,Fall Residency,2001,ZALICA,Antonije
Asia,Western Asia,Palestinian Territories,Fall Residency,2001,ZAQTAN,Ghassan
Asia,Western Asia,Palestinian Territories,Fall Residency,2002,ABU HASHHASH,Mahmoud
Africa,Western Africa,Nigeria,Fall Residency,2002,AYEWANU,Sunny
Europe,Northern Europe,Lithuania,Fall Residency,2002,BUTKUS,Thomas
Europe,Northern Europe,United Kingdom,Fall Residency,2002,CAREY,Edward
The Americas,South America,Colombia,Fall Residency,2002,CHAPARRO-VALDERRAMA,Hugo
Africa,Western Africa,Ghana,Fall Residency,2002,DARKO,Ophelia Amma
Asia,South-central Asia,India,Fall Residency,2002,DIWAKAR,Somathanahalli
Europe,Eastern Europe,Russia,Fall Residency,2002,DRAGUNSKAYA,Ksenija
Asia,South-eastern Asia,Philippines,Fall Residency,2002,EVASCO-PERNIA,Marjorie
The Americas,South America,Chile,Fall Residency,2002,GOMEZ-OLIVARES,Cristian
Europe,Eastern Europe,Bulgaria,Fall Residency,2002,GRIGOROVA-TRAVIS,Radostina
Europe,Southern Europe,Bosnia-Herzegovina,Fall Residency,2002,HASANOVIC,Nihad
Asia,Eastern Asia,China,Fall Residency,2002,JIANG,Yun
Asia,South-eastern Asia,Malaysia,Fall Residency,2002,KHOO,Eddin
Europe,Eastern Europe,Poland,Fall Residency,2002,KIELAR,Marzanna
Asia,South-central Asia,India,Fall Residency,2002,KUMAR,Sukrita
Asia,Eastern Asia,China,Fall Residency,2002,LI,Rui
Asia,Eastern Asia,China,Fall Residency,2002,LIU,Jun
The Americas,South America,Argentina,Fall Residency,2002,MARTINEZ,Guillermo   
Oceania,Oceania,New Zealand,Fall Residency,2002,MCLAUCHLAN,Gordon
Asia,Eastern Asia,China,Fall Residency,2002,MENG,Jing Hui
Africa,Eastern Africa,Uganda,Fall Residency,2002,MULEKWA,Charles
Asia,Eastern Asia,Japan,Fall Residency,2002,NAKAGAMI,Nori
Africa,Eastern Africa,Zimbabwe,Fall Residency,2002,NYAMUBAYA,Freedom
Africa,Eastern Africa,Zambia,Fall Residency,2002,NYIRENDRA,Gideon
Asia,South-eastern Asia,Philippines,Fall Residency,2002,ONG,Charlson
Asia,South-eastern Asia,Singapore,Fall Residency,2002,PANG,Alvin
Asia,South-eastern Asia,Indonesia,Fall Residency,2002,PRASETYO,Arif
Asia,Western Asia,Israel,Fall Residency,2002,RABINYAN,Dorit
Africa,Eastern Africa,Madagascar,Fall Residency,2002,RAJAONARISON,Elie
Europe,Eastern Europe,Poland,Fall Residency,2002,SOMMER,Piotr
The Americas,South America,Brazil,Fall Residency,2002,TEIXEIRA,Narlan
Asia,South-eastern Asia,Laos,Fall Residency,2002,XOMXAYPHOL,Bounthanong
Europe,Western Europe,Germany,Fall Residency,2002,ZELLER,Michael
Asia,South-eastern Asia,Burma/Myanmar,Fall Residency,2002,ZWA,U Kyaw
Asia,Western Asia,Israel,Fall Residency,2003,ADAF,Shimon
Europe,Northern Europe,Ireland,Fall Residency,2003,AGEE,Chris
Europe,Southern Europe,Bosnia-Herzegovina,Fall Residency,2003,BAŠIĆ,Adisa
Europe,Eastern Europe,Poland,Fall Residency,2003,BIELIK-ROBSON,Agata
Europe,Northern Europe,Norway,Fall Residency,2003,BILDØEN,Brit
The Americas,South America,Argentina,Fall Residency,2003,BRIZUELA,Leopoldo Diego 
Europe,Eastern Europe,Romania,Fall Residency,2003,COMANESCU ,Denisa 
The Americas,South America,Chile,Fall Residency,2003,COSTAMAGNA,Alejandra 
Asia,Eastern Asia,Mongolia,Fall Residency,2003,DASHNYAM,L.
Europe,Western Europe,Germany,Fall Residency,2003,GOERITZ,Matthias 
Europe,Northern Europe,Lithuania,Fall Residency,2003,GRAJAUSKAS,Gintaras 
Asia,South-eastern Asia,Vietnam,Fall Residency,2003,HOANG,Ly
Asia,Eastern Asia,China,Fall Residency,2003,HUA,Yun
Asia,Eastern Asia,South Korea,Fall Residency,2003,JEONG,Han-Yong 
Africa,Eastern Africa,Rwanda,Fall Residency,2003,KAYISHEMA,Jean-Marie
Asia,Eastern Asia,South Korea,Fall Residency,2003,KIM,Young-Ha
Asia,Eastern Asia,China,Fall Residency,2003,LI,Yan 
Asia,South-eastern Asia,Burma/Myanmar,Fall Residency,2003,MAUNG ,Swan Yi (U Win Pe)
Asia,Eastern Asia,Japan,Fall Residency,2003,MIZUMURA,Minae 
Europe,Eastern Europe,Ukraine,Fall Residency,2003,MYAGKA (KONONENKO),Evgenia
Asia,South-eastern Asia,Vietnam,Fall Residency,2003,NGUYEN,Quang Thieu
Europe,Northern Europe,United Kingdom,Fall Residency,2003,NORMINTON,Gregory 
Africa,Southern Africa,Botswana,Fall Residency,2003,SEBONI,Barolong
Europe,Eastern Europe,Poland,Fall Residency,2003,SENDECKI,Marcin
Europe,Southern Europe,Bosnia-Herzegovina,Fall Residency,2003,SIJARIC,Mirsad 
Europe,Eastern Europe,Hungary,Fall Residency,2003,SZÁNTÓ,Gábor T. 
Asia,Eastern Asia,South Korea,Fall Residency,2003,WONG-CHUN ,(Ethan) Kim 
Europe,Northern Europe,Ireland,Fall Residency,2003,WOODWORTH,Paddy 
Asia,South-central Asia,Uzbekistan,Fall Residency,2004,ABIDOV,Aazam
Africa,Middle Africa,Cameroon,Fall Residency,2004,AKOMBI,Samson Oke
Asia,Western Asia,Oman,Fall Residency,2004,AL SAIDI,Asim Mohamed
Africa,Northern Africa,Egypt,Fall Residency,2004,ALAIDY,Ahmed
Europe,Western Europe,Austria,Fall Residency,2004,BECKER,Zdenka
Asia,Western Asia,Israel,Fall Residency,2004,BERDUGO,Sami 
The Americas,South America,Argentina,Fall Residency,2004,CÁCERES,Victoria  
Asia,Eastern Asia,China,Fall Residency,2004,CHEN,Danyan
The Americas,South America,Chile,Fall Residency,2004,FOLCH,Kurt
Africa,Western Africa,Nigeria,Fall Residency,2004,HABILA,Helon
Europe,Eastern Europe,Slovakia,Fall Residency,2004,HVORECKY,Michal 
Asia,South-eastern Asia,Malaysia,Fall Residency,2004,JAAFAR,Khalid
Asia,Eastern Asia,South Korea,Fall Residency,2004,JO,Kyung-Ran
Asia,South-central Asia,Nepal,Fall Residency,2004,JOSHI,Amma Raj
Europe,Eastern Europe,Russia,Fall Residency,2004,KUROCHKIN,Maxim
Europe,Eastern Europe,Russia,Fall Residency,2004,KUZMIN,Dmitriy
Asia,Eastern Asia,South Korea,Fall Residency,2004,KWON,Ji-Ye
Asia,South-central Asia,Uzbekistan,Fall Residency,2004,MADALIEV,Sabit
Europe,Northern Europe,Ireland,Fall Residency,2004,MATTHEWS,Christopher
Asia,South-eastern Asia,Burma/Myanmar,Fall Residency,2004,MAUNG THA NOE,
Asia,Eastern Asia,China,Fall Residency,2004,MO,Yan
Asia,Western Asia,Turkey,Fall Residency,2004,ÖZTAS,Mahir
Oceania,Oceania,New Zealand,Fall Residency,2004,PLUMB,Vivienne
The Americas,South America,Bolivia,Fall Residency,2004,RIVERO,Giovanna
Africa,Eastern Africa,Rwanda,Fall Residency,2004,RURANGWA,Jean-Marie
Europe,Eastern Europe,Russia,Fall Residency,2004,SADUR,Yekaterina
Asia,Eastern Asia,Japan,Fall Residency,2004,SHIMADA,Masahiko
Europe,Southern Europe,Greece,Fall Residency,2004,STAMATIS,Alexis
Asia,Eastern Asia,China,Fall Residency,2004,TANG,Ying
Asia,South-central Asia,India,Fall Residency,2004,THACHOM POYIL,Rajeevan
Europe,Eastern Europe,Russia,Fall Residency,2004,ULANOV,Aleksandr
Europe,Eastern Europe,Russia,Fall Residency,2004,VOROZHBIT,Natalya
Europe,Eastern Europe,Poland,Fall Residency,2004,WIEDEMANN,Adam
Asia,Eastern Asia,China,Fall Residency,2004,ZHANG,Xian 
Asia,Western Asia,Georgia,Fall Residency,2004,ZHORDANIA,Sulkhan
Asia,South-central Asia,India,Fall Residency,2004,TIRUMALESH,V.K.
Asia,South-central Asia,India,Fall Residency,2005,TIRUMALESH,V.K.
Asia,Western Asia,Saudi Arabia,Fall Residency,2005,ABDULJABBAR,Nadia Yahia A
Africa,Eastern Africa,Kenya,Fall Residency,2005,ADHIAMBO,Yvonne Owuor
Asia,Western Asia,Kuwait,Fall Residency,2005,AHMED,Estabraq
Asia,Eastern Asia,China,Fall Residency,2005,CHI,Zijian
Europe,Southern Europe,Macedonia,Fall Residency,2005,DIMKOVSKA,Lidija
Europe,Western Europe,Netherlands,Fall Residency,2005,EL HAJI,Said
Europe,Western Europe,Germany,Fall Residency,2005,FATAH,Sherko
Asia,South-eastern Asia,Vietnam,Fall Residency,2005,HAI,Van Cam
Europe,Western Europe,Austria,Fall Residency,2005,HASLINGER,Josef
Asia,Western Asia,Israel,Fall Residency,2005,HASS,Sharon
Europe,Western Europe,Belgium,Fall Residency,2005,HEMMERECHTS,Kristien
Asia,South-central Asia,Sri Lanka,Fall Residency,2005,HUSSEIN,Ameena
Asia,Eastern Asia,South Korea,Fall Residency,2005,JUNG,Young-Moon
Asia,South-central Asia,Nepal,Fall Residency,2005,KANCHULI,Manju
Asia,Eastern Asia,South Korea,Fall Residency,2005,KIM,Ji-Woon
Asia,Western Asia,Israel/Palestine,Fall Residency,2005,KUNDUS,Zahiye
Asia,Eastern Asia,China,Fall Residency,2005,LIU,Heng
Oceania,Oceania,Australia,Fall Residency,2005,MATEER,John
Africa,Northern Africa,Libya,Fall Residency,2005,NEIHOUM,Laila
Asia,Eastern Asia,Japan,Fall Residency,2005,NOMURA,Kiwao
Europe,Eastern Europe,Hungary,Fall Residency,2005,PÉK,Zoltán
Africa,Northern Africa,Egypt,Fall Residency,2005,PRINCE,Mona
The Americas,Central America,Costa Rica/USA,Fall Residency,2005,QUESADA,Uriel
Asia,Eastern Asia,Hong Kong/India,Fall Residency,2005,RAO,Mani
Asia,South-central Asia,Kazakhstan,Fall Residency,2005,ROGOZHNIKOVA,Anna
Europe,Southern Europe,Kosova,Fall Residency,2005,SHUKRIU,Edi
Asia,Western Asia,Syria,Fall Residency,2005,SIREES,Nihad
Asia,South-eastern Asia,Malaysia,Fall Residency,2005,SODHY,Sandra
Europe,Southern Europe,Slovenia,Fall Residency,2005,STROJAN,Marjan
Asia,South-eastern Asia,Burma/Myanmar,Fall Residency,2005,THIDA,Ma
The Americas,South America,Colombia,Fall Residency,2005,UNGAR,Antonio
Asia,South-eastern Asia,Indonesia,Fall Residency,2005,UTAMI,Ayu
Oceania,Oceania,Australia,Fall Residency,2005,WRIGHT,Wendy Ella
Asia,Eastern Asia,South Korea,Fall Residency,2005,YIM,Phil-Seong
Asia,Eastern Asia,South Korea,Fall Residency,2005,YOO,Jae Hyun
Asia,Eastern Asia,Japan,Fall Residency,2005,YOSHIDA,Kyoko
Asia,Western Asia,Iraq,Fall Residency,2006,AL-RUBAIY,Fadhil Thamir
Asia,South-eastern Asia,Indonesia,Fall Residency,2006,AMAL,Nukila
Asia,South-central Asia,India,Fall Residency,2006,BANDYOPADHYAY,Srijato
Europe,Eastern Europe,Russia,Fall Residency,2006,BUTOV,Mikhail
Asia,Eastern Asia,South Korea,Fall Residency,2006,CHOI,Jung Lae
Europe,Northern Europe,Denmark,Fall Residency,2006,CLARK ,Mathilde
Europe,Southern Europe,Albania,Fall Residency,2006,COCOLI,Gentian
The Americas,South America,Uruguay,Fall Residency,2006,COURTOISIE,Juan Rafael
Asia,South-central Asia,Kyrgyzstan,Fall Residency,2006,DZHUSUBALIEVA,Zhamby
Africa,Northern Africa,Libya,Fall Residency,2006,ETWEBI,Ashur
Asia,Eastern Asia,China,Fall Residency,2006,FEIYU,Bi 
Europe,Eastern Europe,Russia,Fall Residency,2006,FILATOVA,Anna Vladimirovna
Europe,Northern Europe,Estonia,Fall Residency,2006,KAREVA,Doris
Europe,Northern Europe,United Kingdom/Iran,Fall Residency,2006,KHALVATILRAN,Mimi
Asia,Eastern Asia,South Korea,Fall Residency,2006,KIM,Byoung-Yong
Europe,Eastern Europe,Russia,Fall Residency,2006,KOPYLOVA,Polina
Asia,South-central Asia,Sri Lanka,Fall Residency,2006,KUMARASINGHE,Jagath Chandradasa
Europe,Western Europe,France,Fall Residency,2006,LAUGIER,Emmanuel
Asia,Western Asia,Palestinian Territories,Fall Residency,2006,MAZEN,Abdallah A.I.
Africa,Western Africa,Senegal,Fall Residency,2006,MBAYE,Marietou
Africa,Northern Africa,Egypt,Fall Residency,2006,MEGUID,Ibrahim Abdel
Asia,South-central Asia,Afghanistan,Fall Residency,2006,NADERI,Nasrallah Partaw
Oceania,Oceania,New Zealand,Fall Residency,2006,NORCLIFFE,James 
Asia,South-eastern Asia,Indonesia,Fall Residency,2006,PAMUNTJAK,Laksmi
Europe,Western Europe,Germany,Fall Residency,2006,PLETZINGER,Thomas
The Americas,Central America,Mexico,Fall Residency,2006,SANCHEZ GARZA,Jose Eugenio
Asia,South-central Asia,Bangladesh,Fall Residency,2006,SARKAR,Manju
Africa,Western Africa,Cote d'Ivoire,Fall Residency,2006,TADJO,Veronique
Asia,South-eastern Asia,Burma/Myanmar,Fall Residency,2006,U MOE ,Hein   
Europe,Eastern Europe,Russia,Fall Residency,2006,USYSKIN,Lev
Asia,Eastern Asia,China,Fall Residency,2006,YE,Lou
Europe,Eastern Europe,Russia,Fall Residency,2006,GOLUBOVICH,Ksenia
Europe,Eastern Europe,Russia,Fall Residency,2007,GOLUBOVICH,Ksenia
Europe,Eastern Europe,Czech Republic,Fall Residency,2007,ANDRONIKOVA,Hana
Asia,Eastern Asia,Mongolia,Fall Residency,2007,AYURZANA,G.
The Americas,South America,Argentina,Fall Residency,2007,BOSSI,Elena
Europe,Southern Europe,Greece,Fall Residency,2007,CHRYSSOPOULOS,Chris
Asia,South-eastern Asia,Indonesia,Fall Residency,2007,DEWANTO,Nirwan
Africa,Southern Africa,South Africa,Fall Residency,2007,DREYER,Tom
Africa,Northern Africa,Egypt,Fall Residency,2007,EL GAZZAR,Hamdy 
Asia,Western Asia,Israel,Fall Residency,2007,EPSTEIN,Alex
Europe,Eastern Europe,Hungary,Fall Residency,2007,GEHER,István László
Asia,South-eastern Asia,Malaysia,Fall Residency,2007,GHOZALI PK,Malim
Europe,Southern Europe,Greece,New Symposium,2007,HAVIARAS,Stratis
Europe,Southern Europe,Malta,Fall Residency,2007,INGUANEZ,Simone
Asia,Western Asia,Syria,Fall Residency,2007,KHALIFA,Khaled
Asia,South-eastern Asia,Burma/Myanmar,Fall Residency,2007,KHET,Mar
Asia,Eastern Asia,South Korea,Fall Residency,2007,KIM,Reon
Africa,Eastern Africa,Kenya,Fall Residency,2007,KIMANI,Peter
Asia,South-eastern Asia,Philippines,Fall Residency,2007,LACUESTA,Angelo R.
Asia,Eastern Asia,Taiwan,Fall Residency,2007,LO,Yi-Chin
The Americas,Caribbean,Jamaica,Fall Residency,2007,MILLER,Kei
Asia,South-central Asia,India,Fall Residency,2007,NAGARKAR,Kiran
Asia,South-central Asia,India,Fall Residency,2007,NAMBISAN,Kavery
The Americas,Caribbean,Haiti,Fall Residency,2007,PIERRE,Beaudelaine
Asia,Eastern Asia,Hong Kong,Fall Residency,2007,PUN,Lawrence
Asia,Eastern Asia,South Korea,Fall Residency,2007,RA,Heeduk
Asia,South-eastern Asia,Malaysia,Fall Residency,2007,RADHI,Al-Mustaqeem M.
Europe,Eastern Europe,Bulgaria,Fall Residency,2007,SHAKIR-TASH,Aziz Nazmi
Europe,Southern Europe,Montenegro,Fall Residency,2007,SPAHIC,Ognjen
Europe,Western Europe,Germany,Fall Residency,2007,STANISIC,Saša
Asia,South-eastern Asia,Singapore,Fall Residency,2007,TAY,Verena
Oceania,Oceania,New Zealand,Fall Residency,2007,TODD,Penelope
Asia,Western Asia,Jordan,Fall Residency,2008,AL ATRASH,Laila
Asia,South-Central Asia,Iran,Fall Residency,2008,ALA AMJADI,Maryam
Asia,Western Asia,Syria,Fall Residency,2008,BITAR,Haifa
Europe,Western Europe,Austria/Egypt,Fall Residency,2008,ELTAYEB,Tarek
Oceania,Oceania,New Zealand,Fall Residency,2008,FALKNER,Brian
The Americas,South America,Argentina,Fall Residency,2008,GAMERRO,Carlos
Asia,Western Asia,Israel,Fall Residency,2008,GLOBERMAN,Yael
Asia,South-Central Asia,Kazakhstan,Fall Residency,2008,GUDYM,Dina
The Americas,South America,Venezuela,Fall Residency,2008,HENRIQUEZ CONSALVI,Leonardo  
Asia,Eastern Asia,China,Fall Residency,2008,HU,Xudong
Asia,Eastern Asia,South Korea,Fall Residency,2008,KIM,Gyeongmee
Europe,Eastern Europe,Russia,Fall Residency,2008,KUCHERSKAYA,Maya
Asia,Eastern Asia,Hong Kong,Fall Residency,2008,LAM,Agnes
Asia,Eastern Asia,South Korea,Fall Residency,2008,LEE,Jang Wook
Europe,Southern Europe,Macedonia,Fall Residency,2008,MADZIROV,Nikola 
Europe,Western Europe,Germany/Iceland,Fall Residency,2008,MAGNUSSON (WEITEMEIER),Kristof
Asia,South-Eastern Asia,Philippines,Fall Residency,2008,MANGANSAKAN,Gutierrez
Africa,Southern Africa,South Africa,Fall Residency,2008,MHLONGO,Murhandziwa
Africa,Eastern Africa,Uganda,Fall Residency,2008,NAMUKASA,Glaydah
Europe,Eastern Europe,Romania,Fall Residency,2008,NELEGA,Alina   
Africa,Middle Africa,Cameroon,Fall Residency,2008,NKEMNGONG NKENGASONG,John
Asia,Western Asia,Israel,Fall Residency,2008,PICK,Anat
Asia,South-Central Asia,Bangladesh,Fall Residency,2008,RAHMAN,Ruby
Europe,Southern Europe,Italy,Fall Residency,2008,RAIMO,Veronica  
Europe,Southern Europe,Spain/Cuba,Fall Residency,2008,SAUNDERS CHILE,Felix Rogelio
Europe,Southern Europe,Greece,Fall Residency,2008,SKARAGAS,Ioannis (John)
The Americas,North America,Canada,Fall Residency,2008,THIEN,Madeleine
Europe,Southern Europe,Cyprus,Fall Residency,2008,TRILLIDIS,Yorgos
Africa,Western Africa,Nigeria,Fall Residency,2008,UMEZURIKE,Uchechukwu
Asia,South-Eastern Asia,Burma/Myanmar,Fall Residency,2008,WIN,Kyaw
Africa,Northern Africa,Egypt,Fall Residency,2008,ZAYDAN,Amena
,,Egypt,Fall Residency,2009,ABDEL-LATIF,Yasser
,,Jordan,Fall Residency,2009,ALABDALLAH,Yahya
,,Netherlands,Fall Residency,2009,ANKER,Jan-Willem
,,South Africa,Fall Residency,2009,CASE,Maxine
,,Sierra Leone,Fall Residency,2009,CONTEH,Osman
,,Wales,Fall Residency,2009,DAFYDD,Fflur
,,Hong Kong,Fall Residency,2009,DUNG,Kai Cheung
,,Croatia,Fall Residency,2009,DJURDJEVICH,Miloš 
,,China,Fall Residency,2009,GE,Fei
,,Jamaica,Fall Residency,2009,GRAHAM,Millicent
,,Armenia,Fall Residency,2009,GRIGORYAN,Violet
,,Philippines,Fall Residency,2009,GROYON,Vicente
,,China,Fall Residency,2009,HAN,Bo
,,Saudi Arabia,Fall Residency,2009,HIJAZI,Hanaa
,,Lithuania,Fall Residency,2009,IVASKEVICIUS,Marius
,,China,Fall Residency,2009,JIANG,Bin
,,India,Fall Residency,2009,KANDASAMY,Meena
,,South Korea,Fall Residency,2009,KANG,Youngsook
,,South Korea,Fall Residency,2009,KIM,Do Eon
,,South Korea,Fall Residency,2009,KIM,Soom
,,Burma/Myanmar,Fall Residency,2009,MIN,Htet Maung
,,Israel,Fall Residency,2009,MISHORI,Efrat
,,Iraq,Fall Residency,2009,NAJM,Soheil
,,Japan,Fall Residency,2009,NAKAJIMA,Kyoko
,,Netherlands,Fall Residency,2009,PEETERS,Hagar
,,Australia,Fall Residency,2009,PUNG,Alice
,,France,Fall Residency,2009,RACHEDI,Mabrouck
,,Switzerland,Fall Residency,2009,RAJCIC,Dragica
,,India,Fall Residency,2009,RAO,Mani
,,Pakistan,Fall Residency,2009,SAJJAD,Azeem
,,Venezuela,Fall Residency,2009,SANTAELLA,Fedosy
,,Ireland,Fall Residency,2009,SHITHIGH,Siobhan Ni
,,Uzbekistan,Fall Residency,2009,VAFO,Salomat
,,Austria,Fall Residency,2009,WEBER,Andreas
,,New Zealand,Fall Residency,2009,WHITE,Kathy
Africa,Northern Africa,Egypt,Fall Residency,2010,ABDEL AAL,Ghada
Oceania,Oceania,New Zealand,Fall Residency,2010,BAKER,Hinemoana
Africa,Western Africa,Nigeria,Fall Residency,2010,BALA,Ismail
The Americas,South America,Brazil,Fall Residency,2010,BETTEGA,Amlicar
Europe,Eastern Europe,Poland,Fall Residency,2010,BIEDRYZCKI,Milosz
Asia,South-eastern Asia,Philippines,Fall Residency,2010,CASOCOT,Ian Rosales
Europe,Eastern Europe,Russia,Fall Residency,2010,CHERCHESOV,Alan 
Asia,South-central Asia,India,Fall Residency,2010,CHODHURY,Chandrahas
Asia,Western Asia,Palestinian Territories,Fall Residency,2010,DARWISH,Najwan
Europe,Northern Europe,United Kingdom,Fall Residency,2010,FISH,Laura
Asia,Western Asia,Israel,Fall Residency,2010,GAFLA,Ofir Touche
The Americas,South America,Argentina,Fall Residency,2010,GARCES,Gonzalo
Oceania,Oceania,New Zealand,Fall Residency,2010,HILL,David  
Asia,South-central Asia,Bangladesh,Fall Residency,2010,HOQUE,Anisul
Asia,Eastern Asia,China,Fall Residency,2010,JIN,Renshun
Africa,Eastern Africa,Kenya,Fall Residency,2010,KAHORA,Billy Karanja
Europe,Western Europe,Germany,Fall Residency,2010,KAMPMANN,Anja
Africa,,Mauritius,Fall Residency,2010,KHOYRATTY,Farhad A.K. Sulliman
Asia,Eastern Asia,South Korea,Fall Residency,2010,KIM,Sa-In
Europe,Western Europe,Germany,Fall Residency,2010,KLOEBLE,Christopher
Asia,South-central Asia,Kyrgyzstan,Fall Residency,2010,MADILBAY,Turusbek
Europe,Eastern Europe,Belarus,Fall Residency,2010,MARTYSEVICH,Maryia
Europe,Northern Europe,Ireland,Fall Residency,2010,MCKIMM,Michael
Asia,South-central Asia,Pakistan,Fall Residency,2010,NAQVI,Husein
Asia,South-eastern Asia,Burma/Myanmar,Fall Residency,2010,NYO,Khin Maung
Asia,South-eastern Asia,Singapore,Fall Residency,2010,O,Thiam Chin
The Americas,South America,Argentina,Fall Residency,2010,OLOIXARAC,Pola
The Americas,,Venezuela,Fall Residency,2010,REGO,Beverly Perez
Asia,South-eastern Asia,Philippines,Fall Residency,2010,SAMAR,Edgar
Europe,Northern Europe,Netherlands,Fall Residency,2010,SHALA,Albana
Asia,South-central Asia,Iran,Fall Residency,2010,SIAHPOOR,Farangis
Europe,Northern Europe,Iceland,Fall Residency,2010,SIGURDSSON,Solvi Bjorn
Africa,,Djibouti,Fall Residency,2010,WATTA,Chehem
Asia,Eastern Asia,China,Fall Residency,2010,XU,Zechen
Asia,Eastern Asia,Taiwan,Fall Residency,2010,YING,Feng-Haung
Asia,South-central Asia,Nepal,Fall Residency,2011,BARAL,Ajit
Africa,Southern Africa,South Africa,Fall Residency,2011,BLOOM,Kevin
Asia,Eastern Asia,Vietnam,Fall Residency,2011,DOAN,Phuong
Europe,Western Europe,France,Fall Residency,2011,KANOR,Fabienne
The Americas,Caribbean,Grenada,Fall Residency,2011,KEMPADOO,Oonya
Africa,Western Africa,Nigeria,Fall Residency,2011,PROMISE,Ogochukwu
Europe,Northern Europe,Finland,Fall Residency,2011,PARKKO,Tommi
Europe,Eastern Europe,Russia,Fall Residency,2011,PETROVA,Alexandra
Asia,South-central Asia,India,Fall Residency,2011,RAMASWAMY,Usha
Oceania,Oceania,Australia,Fall Residency,2011,ROWE,Josephine
Asia,Western Asia,Jordan,Fall Residency,2011,SHOUFANI,Hind
The Americas,South America,Venezuela,Fall Residency,2011,SUNIAGA FIGUEROA,Francisco
Oceania,South-eastern Asia,Philippines,Fall Residency,2011,TOLEDO,Joel
The Americas,Caribbean,Haiti,Fall Residency,2011,VICTOR,Marvin
The Americas,South America,Argentina,Fall Residency,2011,CRISTOFF,Maria
Asia,Western Asia,Iraq,Fall Residency,2011,HASSAN,Naseer
Asia,South-central Asia,Burma/Myanmar,Fall Residency,2011,MIN,Aung Zaw
Africa,Southern Africa,South Africa,Fall Residency,2011,MOELE,Kgebetli
The Americas,South America,Colombia,Fall Residency,2011,QUINTANA VILLALOBOS,Maria Del Pilar
Asia,Western Asia,Pakistan,Fall Residency,2011,SHAH,Bina
Oceania,Oceania,New Zealand,Fall Residency,2011,HOOD,Lynley
Asia,Western Asia,Lebanon,Fall Residency,2011,HUMAYDAN,Iman
Asia,Eastern Asia,South Korea,Fall Residency,2011,LEE,Hye-Kyung
Asia,Western Asia,Israel,Fall Residency,2011,MANOR,Dory
Asia,Eastern Asia,China,Fall Residency,2011,SHEN'YOU,Mei
The Americas,South-central Asia,Tibet,Fall Residency,2011,NORBU,Jamyang
Europe,Eastern Europe,Czech Republic,Fall Residency,2011,ODA,Milena
Asia,Eastern Asia,South Korea,Fall Residency,2011,PARK,Chan Soon
Europe,Western Europe,Ireland,Fall Residency,2011,REGAN,Nell
Europe,Western Europe,Spain,Fall Residency,2011,ALVAREZ MENDEZ,Maria Eugenia
Asia,Western Asia,Israel,Fall Residency,2011,SAKAL,Moshik
Europe,Western Europe,United Kingdom,Fall Residency,2011,STRACHAN,Zoë
Asia,Eastern Asia,China,Fall Residency,2011,SU,Wei-Chen
Asia,Eastern Asia,Singapore,Fall Residency,2011,TIANG,Jeremy
Asia,Eastern Asia,China,Fall Residency,2011,TSE,Hiu Hung
Europe,Western Europe,United Kingdom,Fall Residency,2011,WELSH,Louise
Asia,Eastern Asia,China,Fall Residency,2011,ZHANG,Yueran
Asia,Eastern Asia,Singapore,Fall Residency,,SINGH,Kirpal
Asia,Eastern Asia,Singapore,Fall Residency,,THUMBOO,Edwin
Asia,Eastern Asia,Singapore,Fall Residency,,HALIN,Rasiah
Africa,Northern Africa,Egypt,Fall Residency,2012,ALBERRY,Khaled Abdelmoneim
Asia,Western Asia,Kuwait,Fall Residency,2012,ALREFAI,Taleb M E
Asia,Eastern Asia,Philippines,Fall Residency,2012,ASENJO,Genevieve Lampasa
Europe,Eastern Europe,Slovakia,Fall Residency,2012,BENOVA,Jana
The Americas,South America,Uruguay,Fall Residency,2012,BRAVO GALASSI,Luis Alberto
Asia,Eastern Asia,Hong Kong,Fall Residency,2012,CHAN,Chi Tak
Asia,Eastern Asia,South Korea,Fall Residency,2012,MYOUNG SOOK,Choi
The Americas,South America,Chile,Fall Residency,2012,CORREA MOLINA,Matias Ignacio
Asia,South-central Asia,Uzbekistan,Fall Residency,2012,DADAEVA,Alina
Africa,Southern Africa,Botswana,Fall Residency,2012,DEMA,Tjawangwa Prudence
The Americas,South America,Argentina,Fall Residency,2012,FALCO,Federico
Europe,Western Europe,Germany,Fall Residency,2012,FRICKE,Tanja
Europe,Eastern Europe,Russia,Fall Residency,2012,GANIEVA,Alisa
Asia,Eastern Asia,South Korea,Fall Residency,2012,KIM,Tae Soo
Oceania,Oceania,New Zealand,Fall Residency,2012,HOLMAN,Jeffrey
Europe,Eastern Europe,Belarus,Fall Residency,2012,KHADANOVICH,Andrei
Asia,South-Eastern Asia,Burma/Myanmar,Fall Residency,2012,KYAW,Nay Myo
Europe,Eastern Europe,Russia,Fall Residency,2012,LAVRENTYEV,Maxim
Asia,Eastern Asia,Taiwan,Fall Residency,2012,LIN,Chun-Ying
The Americas,South America,Brazil,Fall Residency,2012,GARCIA LOPES,Rodrigo
Europe,Southern Europe,Greece,Fall Residency,2012,LYACOS,Dimitrios
Africa,Eastern Africa,Zimbabwe,Fall Residency,2012,MLALAZI,Christopher
Asia,Western Asia,Iraq,Fall Residency,2012,AHMED,Gulala Noori
Asia,South-Eastern Asia,Burma/Myanmar,Fall Residency,2012,OO,Pyait Hlaing
Africa,,Mauritius,Fall Residency,2012,PYAMOOTOO,Parmeshiven
The Americas,South America,Venezuela,Fall Residency,2012,SOCORRO MORALES,Milagros Jose
Asia,Western Asia,Pakistan,Fall Residency,2012,TANWEER,Bilal
Asia,Western Asia,Saudi Arabia,Fall Residency,2012,ASIRI,Abdullah Yahya
Asia,Western Asia,Iran,Fall Residency,2012,YADALI JAMALOEI,Yaghoub
Asia,Eastern Asia,Singapore,Fall Residency,2012,YE,Stephanie Shulin
Asia,South-central Asia,Afghanistan,Fall Residency,2012,ZEGHAM,Mohibullah
Asia,Eastern Asia,China,Fall Residency,2013,ALAI,Xxx
Asia,Western Asia,Bahrain,Fall Residency,2013,ALSAEED,Ali
Asia,Eastern Asia,Singapore,Fall Residency,2013,LEE,Amanda
Asia,Eastern Asia,Indonesia,Fall Residency,2013,AMIN,Asmarini
Africa,Western Africa,Cote d'Ivoire,Fall Residency,2013,N'GUESSAN,Kessy
Oceania,Oceania,New Zealand,Fall Residency,2013,CLIFF,Craig
Europe,Eastern Europe,Hungary,Fall Residency,2013,B KISS,Denes
Europe,Eastern Europe,Russia,Fall Residency,2013,GOLYNKO,Dmitry
Asia,Western Asia,Israel,Fall Residency,2013,VOLK,Erez
,,Canada/Egypt/United Kingdom,Fall Residency,2013,EL SHARKAWY,Karem
Asia,Eastern Asia,South Korea,Fall Residency,2013,KIM,KyungUk
Asia,Eastern Asia,South Korea,Fall Residency,2013,KIM,Seoryung
Asia,Eastern Asia,Hong Kong,Fall Residency,2013,LEE,Chi Leung
The Americas,South America,Panama,Fall Residency,2013,MENDOZA PEREGRINA,Lilia
Asia,Western Asia,Iran,Fall Residency,2013,MOHEBALI,Mahsa
Asia,South-eastern Asia,Philippines,Fall Residency,2013,ANGELES,Mark
Europe,Northern Europe,Ireland,Fall Residency,2013,DYAR,Martin
Africa,Northern Africa,Egypt,Fall Residency,2013,SAID,Mohamed
Asia,Western Asia,Kuwait,Fall Residency,2013,ALFARES,Nada
Africa,Eastern Africa,Uganda,Fall Residency,2013,KATUMWA,Oscar
Europe,Southern Europe,Portugal,Fall Residency,2013,BRITO SUBTIL DE CARVALHO PORTELA,Patricia
The Americas,South America,Venezuela,Fall Residency,2013,BLANCO CALDERON,Rodrigo
Africa,East-central Africa,Burundi,Fall Residency,2013,RUGERO,Roland
Asia,Western Asia,Yemen,Fall Residency,2013,ALAREEQE,Sawsan
Asia,Western Asia,Pakistan,Fall Residency,2013,MINHAS,Shandana
Europe,Western Europe,Germany,Fall Residency,2013,URBAN,Christoph
Asia,South-central Asia,India,Fall Residency,2013,SWAMI,Sridala
Europe,Northern Europe,Finland,Fall Residency,2013,MANNINEN,Teemu
Europe,Northern Europe,Latvia,Fall Residency,2013,KREICBERGS,Toms
Asia,Eastern Asia,Taiwan,Fall Residency,2013,TONG,Wei-Ger
Asia,Eastern Asia,China,Fall Residency,2013,WANG,Jiaxin
Oceania,Oceania,New Zealand,Fall Residency,2013,HEREAKA,Whiti
Asia,Eastern Asia,Japan,Fall Residency,2013,NONAKA,Yui
Asia,South-Eastern Asia,Burma/Myanmar,Fall Residency,2013,AUNG,Myint
